check_key,field_key,answer_option,test_bundle,trigger_type,trigger_key,priority_weight,merge_group,max_occurrences,explanation_template,mechanism,test_focus,priority_rationale,created_at,updated_at
preventive_baseline,age_range,18–24,,age,age_range|18–24|,2,context,1,"At 18–24, a focused baseline helps establish your personal reference range so future changes are easier to interpret.",,"blood count, inflammation, kidney/liver context, and basic metabolic markers",,46136.663194444445,46136.663194444445
preventive_baseline,age_range,25–29,,age,age_range|25–29|,2,context,1,"At 25–29, a focused baseline helps establish your personal reference range so future changes are easier to interpret.",,"blood count, inflammation, kidney/liver context, and basic metabolic markers",,46136.663194444445,46136.663194444445
preventive_baseline,age_range,30–34,,age,age_range|30–34|,2,context,1,"At 30–34, a focused baseline helps establish your personal reference range so future changes are easier to interpret.",,"blood count, inflammation, kidney/liver context, and basic metabolic markers",,46136.663194444445,46136.663194444445
preventive_baseline,age_range,35–39,,age,age_range|35–39|,2,context,1,"At 35–39, a focused baseline helps establish your personal reference range so future changes are easier to interpret.",,"blood count, inflammation, kidney/liver context, and basic metabolic markers",,46136.663194444445,46136.663194444445
preventive_baseline,age_range,40–44,,age,age_range|40–44|,2,context,1,"At 40–44, a focused baseline helps establish your personal reference range so future changes are easier to interpret.",,"blood count, inflammation, kidney/liver context, and basic metabolic markers",,46136.663194444445,46136.663194444445
preventive_baseline,age_range,45–49,,age,age_range|45–49|,2,context,1,"At 45–49, a focused baseline helps establish your personal reference range so future changes are easier to interpret.",,"blood count, inflammation, kidney/liver context, and basic metabolic markers",,46136.663194444445,46136.663194444445
preventive_baseline,age_range,50–54,,age,age_range|50–54|,2,context,1,"At 50–54, a focused baseline helps establish your personal reference range so future changes are easier to interpret.",,"blood count, inflammation, kidney/liver context, and basic metabolic markers",,46136.663194444445,46136.663194444445
preventive_baseline,age_range,55+,,age,age_range|55+|,2,context,1,"At 55+, a focused baseline helps establish your personal reference range so future changes are easier to interpret.",,"blood count, inflammation, kidney/liver context, and basic metabolic markers",,46136.663194444445,46136.663194444445
preventive_baseline,goals,General preventive health,,goal,goals|General preventive health|,3,driver,1,"Because you selected general preventive health, this baseline focuses on common markers that can change before symptoms appear.",,core preventive blood markers,,46136.663194444445,46136.663194444445
preventive_baseline,goals,I’m not sure,,goal,goals|I’m not sure|,2,driver,1,"Because you are not sure where to start, this check gives a focused first look without overwhelming you with specialist testing.",,broad but limited baseline,,46136.663194444445,46136.663194444445
preventive_baseline,last_tests,More than 12 months ago,Blood sugar / HbA1c,recency,last_tests|More than 12 months ago|Blood sugar / HbA1c,3,modifier,1,"Because your blood sugar / hba1c testing is more than 12 months ago, this check helps refresh the information needed to interpret your current risk and next steps.",,baseline recency,Overdue or unknown testing increases current-month relevance.,46136.663194444445,46136.663194444445
preventive_baseline,last_tests,Never / not sure,Blood sugar / HbA1c,recency,last_tests|Never / not sure|Blood sugar / HbA1c,4,modifier,1,"Because your blood sugar / hba1c testing is never / not sure, this check helps refresh the information needed to interpret your current risk and next steps.",,baseline recency,Overdue or unknown testing increases current-month relevance.,46136.663194444445,46136.663194444445
preventive_baseline,last_tests,More than 12 months ago,Cholesterol / lipids,recency,last_tests|More than 12 months ago|Cholesterol / lipids,3,modifier,1,"Because your cholesterol / lipids testing is more than 12 months ago, this check helps refresh the information needed to interpret your current risk and next steps.",,baseline recency,Overdue or unknown testing increases current-month relevance.,46136.663194444445,46136.663194444445
preventive_baseline,last_tests,Never / not sure,Cholesterol / lipids,recency,last_tests|Never / not sure|Cholesterol / lipids,4,modifier,1,"Because your cholesterol / lipids testing is never / not sure, this check helps refresh the information needed to interpret your current risk and next steps.",,baseline recency,Overdue or unknown testing increases current-month relevance.,46136.663194444445,46136.663194444445
preventive_baseline,last_tests,More than 12 months ago,Iron / ferritin,recency,last_tests|More than 12 months ago|Iron / ferritin,3,modifier,1,"Because your iron / ferritin testing is more than 12 months ago, this check helps refresh the information needed to interpret your current risk and next steps.",,baseline recency,Overdue or unknown testing increases current-month relevance.,46136.663194444445,46136.663194444445
preventive_baseline,last_tests,Never / not sure,Iron / ferritin,recency,last_tests|Never / not sure|Iron / ferritin,4,modifier,1,"Because your iron / ferritin testing is never / not sure, this check helps refresh the information needed to interpret your current risk and next steps.",,baseline recency,Overdue or unknown testing increases current-month relevance.,46136.663194444445,46136.663194444445
preventive_baseline,last_tests,More than 12 months ago,Thyroid,recency,last_tests|More than 12 months ago|Thyroid,3,modifier,1,"Because your thyroid testing is more than 12 months ago, this check helps refresh the information needed to interpret your current risk and next steps.",,baseline recency,Overdue or unknown testing increases current-month relevance.,46136.663194444445,46136.663194444445
preventive_baseline,last_tests,Never / not sure,Thyroid,recency,last_tests|Never / not sure|Thyroid,4,modifier,1,"Because your thyroid testing is never / not sure, this check helps refresh the information needed to interpret your current risk and next steps.",,baseline recency,Overdue or unknown testing increases current-month relevance.,46136.663194444445,46136.663194444445
preventive_baseline,last_tests,More than 12 months ago,Vitamin D,recency,last_tests|More than 12 months ago|Vitamin D,3,modifier,1,"Because your vitamin d testing is more than 12 months ago, this check helps refresh the information needed to interpret your current risk and next steps.",,baseline recency,Overdue or unknown testing increases current-month relevance.,46136.663194444445,46136.663194444445
preventive_baseline,last_tests,Never / not sure,Vitamin D,recency,last_tests|Never / not sure|Vitamin D,4,modifier,1,"Because your vitamin d testing is never / not sure, this check helps refresh the information needed to interpret your current risk and next steps.",,baseline recency,Overdue or unknown testing increases current-month relevance.,46136.663194444445,46136.663194444445
iron_ferritin,symptoms,Fatigue / low energy,,symptom,symptoms|Fatigue / low energy|,5,driver,1,"Fatigue can be linked to low iron stores or anemia, so ferritin and blood-count markers are a practical first step.",,"ferritin, hemoglobin, red blood cell indices",,46136.663194444445,46136.663194444445
iron_ferritin,symptoms,Hair loss / brittle hair,,symptom,symptoms|Hair loss / brittle hair|,4,driver,1,"Hair shedding or brittle hair can overlap with low ferritin, thyroid imbalance, or nutrient insufficiency.",,"ferritin, hemoglobin, red blood cell indices",,46136.663194444445,46136.663194444445
iron_ferritin,symptoms,Heavy periods,,symptom,symptoms|Heavy periods|,5,driver,1,"Heavy periods can increase iron loss over time, making ferritin and blood-count markers especially relevant.",,"ferritin, hemoglobin, red blood cell indices",,46136.663194444445,46136.663194444445
iron_ferritin,symptoms,Brain fog,,symptom,symptoms|Brain fog|,3,driver,1,"Brain fog can overlap with low iron, B12/folate, thyroid, or blood-sugar patterns, so this check helps rule out common contributors.",,"ferritin, hemoglobin, red blood cell indices",,46136.663194444445,46136.663194444445
iron_ferritin,cycle_pattern,Very heavy,,symptom,cycle_pattern|Very heavy|,5,driver,1,"Very heavy cycles can create ongoing iron loss, so checking ferritin and blood count is important before symptoms worsen.",,ferritin and complete blood count,,46136.663194444445,46136.663194444445
iron_ferritin,diet_pattern,Vegetarian,,diet,diet_pattern|Vegetarian|,4,driver,1,"A vegetarian pattern can lower intake of easily absorbed heme iron, making ferritin and B12/folate context more useful.",,iron stores and blood count,,46136.663194444445,46136.663194444445
iron_ferritin,diet_pattern,Vegan,,diet,diet_pattern|Vegan|,5,driver,1,"A vegan pattern can reduce easily absorbed iron and B12 intake, so iron status and related blood markers become more important.",,iron stores and blood count,,46136.663194444445,46136.663194444445
iron_ferritin,diet_pattern,Low red meat intake,,diet,diet_pattern|Low red meat intake|,4,driver,1,"Low red meat intake can reduce heme iron exposure, making ferritin and blood-count markers more relevant.",,iron stores and blood count,,46136.663194444445,46136.663194444445
iron_ferritin,diet_pattern,Restrictive dieting,,diet,diet_pattern|Restrictive dieting|,3,driver,1,"Restrictive dieting can reduce iron, B12, folate, and protein intake, which can show up as fatigue or hair changes.",,iron stores and blood count,,46136.663194444445,46136.663194444445
iron_ferritin,known_conditions,Iron deficiency / anemia,,condition,known_conditions|Iron deficiency / anemia|,6,driver,1,A history of iron deficiency or anemia makes ferritin and blood-count monitoring a high-priority follow-up.,,"ferritin, hemoglobin, transferrin saturation",,46136.663194444445,46136.663194444445
iron_ferritin,medications_or_hormones,Iron supplements,,medication,medications_or_hormones|Iron supplements|,4,driver,1,"Because you use iron supplements, testing helps confirm whether stores are improving and avoids supplementing blindly.",,ferritin and iron saturation,,46136.663194444445,46136.663194444445
iron_ferritin,life_stage,Pregnant,,life_stage,life_stage|Pregnant|,5,driver,1,"Pregnant increases the importance of adequate iron stores for energy, recovery, and reproductive health.",,ferritin and blood count,,46136.663194444445,46136.663194444445
iron_ferritin,life_stage,Postpartum (last 12 months),,life_stage,life_stage|Postpartum (last 12 months)|,5,driver,1,"Postpartum (last 12 months) increases the importance of adequate iron stores for energy, recovery, and reproductive health.",,ferritin and blood count,,46136.663194444445,46136.663194444445
iron_ferritin,life_stage,Trying to conceive,,life_stage,life_stage|Trying to conceive|,3,driver,1,"Trying to conceive increases the importance of adequate iron stores for energy, recovery, and reproductive health.",,ferritin and blood count,,46136.663194444445,46136.663194444445
iron_ferritin,last_tests,More than 12 months ago,Iron / ferritin,recency,last_tests|More than 12 months ago|Iron / ferritin,3,modifier,1,"Because your iron / ferritin testing is more than 12 months ago, this check helps refresh the information needed to interpret your current risk and next steps.",,iron recency,Overdue or unknown testing increases current-month relevance.,46136.663194444445,46136.663194444445
iron_ferritin,last_tests,Never / not sure,Iron / ferritin,recency,last_tests|Never / not sure|Iron / ferritin,4,modifier,1,"Because your iron / ferritin testing is never / not sure, this check helps refresh the information needed to interpret your current risk and next steps.",,iron recency,Overdue or unknown testing increases current-month relevance.,46136.663194444445,46136.663194444445
vitamin_d,sun_exposure,Rarely,,lifestyle,sun_exposure|Rarely|,5,driver,1,"Low sun exposure reduces natural vitamin D production, so a blood level helps guide whether supplementation is needed.",,25-OH vitamin D,,46136.663194444445,46136.663194444445
vitamin_d,sun_exposure,Almost never,,lifestyle,sun_exposure|Almost never|,6,driver,1,"Very low sun exposure makes vitamin D deficiency more likely, especially during darker months or indoor routines.",,25-OH vitamin D,,46136.663194444445,46136.663194444445
vitamin_d,known_conditions,Vitamin D deficiency,,condition,known_conditions|Vitamin D deficiency|,6,driver,1,A previous vitamin D deficiency makes rechecking useful to confirm whether levels are now in range.,,25-OH vitamin D,,46136.663194444445,46136.663194444445
vitamin_d,symptoms,Frequent infections,,symptom,symptoms|Frequent infections|,3,driver,1,Frequent infections can make vitamin D status relevant because vitamin D supports immune function.,,25-OH vitamin D,,46136.663194444445,46136.663194444445
vitamin_d,symptoms,Fatigue / low energy,,symptom,symptoms|Fatigue / low energy|,2,driver,1,"Fatigue is not specific, but vitamin D deficiency can contribute to low energy in some people.",,25-OH vitamin D,,46136.663194444445,46136.663194444445
vitamin_d,medications_or_hormones,Vitamin D supplements,,medication,medications_or_hormones|Vitamin D supplements|,4,driver,1,"Because you take vitamin D supplements, a blood level helps check whether the dose is sufficient and not excessive.",,25-OH vitamin D,,46136.663194444445,46136.663194444445
vitamin_d,diet_pattern,Dairy-free,,diet,diet_pattern|Dairy-free|,2,driver,1,"Dairy-free can reduce intake of vitamin-D-fortified foods, so checking status can help personalize supplementation.",,25-OH vitamin D,,46136.663194444445,46136.663194444445
vitamin_d,diet_pattern,Vegan,,diet,diet_pattern|Vegan|,2,driver,1,"Vegan can reduce intake of vitamin-D-fortified foods, so checking status can help personalize supplementation.",,25-OH vitamin D,,46136.663194444445,46136.663194444445
vitamin_d,diet_pattern,Restrictive dieting,,diet,diet_pattern|Restrictive dieting|,2,driver,1,"Restrictive dieting can reduce intake of vitamin-D-fortified foods, so checking status can help personalize supplementation.",,25-OH vitamin D,,46136.663194444445,46136.663194444445
vitamin_d,last_tests,More than 12 months ago,Vitamin D,recency,last_tests|More than 12 months ago|Vitamin D,3,modifier,1,"Because your vitamin d testing is more than 12 months ago, this check helps refresh the information needed to interpret your current risk and next steps.",,vitamin D recency,Overdue or unknown testing increases current-month relevance.,46136.663194444445,46136.663194444445
vitamin_d,last_tests,Never / not sure,Vitamin D,recency,last_tests|Never / not sure|Vitamin D,4,modifier,1,"Because your vitamin d testing is never / not sure, this check helps refresh the information needed to interpret your current risk and next steps.",,vitamin D recency,Overdue or unknown testing increases current-month relevance.,46136.663194444445,46136.663194444445
thyroid_function,goals,Thyroid health,,goal,goals|Thyroid health|,5,driver,1,"Because thyroid health is a current goal, this check focuses on markers that influence energy, weight, mood, hair, cycle regularity, and temperature regulation.",,"TSH, free T4, free T3 when appropriate",,46136.663194444445,46136.663194444445
thyroid_function,symptoms,Fatigue / low energy,,symptom,symptoms|Fatigue / low energy|,4,driver,1,"Fatigue can overlap with underactive thyroid function, so thyroid markers are useful alongside iron and vitamin D.",,TSH and thyroid hormone context,,46136.663194444445,46136.663194444445
thyroid_function,symptoms,Hair loss / brittle hair,,symptom,symptoms|Hair loss / brittle hair|,4,driver,1,"Hair changes can occur with thyroid imbalance, low iron, or nutrient deficiency, making thyroid function relevant.",,TSH and thyroid hormone context,,46136.663194444445,46136.663194444445
thyroid_function,symptoms,Weight gain / hard to lose weight,,symptom,symptoms|Weight gain / hard to lose weight|,4,driver,1,Weight gain or difficulty losing weight can be influenced by thyroid function and metabolic markers.,,TSH and thyroid hormone context,,46136.663194444445,46136.663194444445
thyroid_function,symptoms,Low mood / mood swings,,symptom,symptoms|Low mood / mood swings|,3,driver,1,"Mood changes can overlap with thyroid imbalance, stress load, and reproductive hormone changes.",,TSH and thyroid hormone context,,46136.663194444445,46136.663194444445
thyroid_function,symptoms,Irregular cycle,,symptom,symptoms|Irregular cycle|,4,driver,1,"Irregular cycles can sometimes reflect thyroid dysfunction, so thyroid testing helps separate endocrine causes.",,TSH and thyroid hormone context,,46136.663194444445,46136.663194444445
thyroid_function,symptoms,Brain fog,,symptom,symptoms|Brain fog|,3,driver,1,"Brain fog can overlap with thyroid, iron, B12, sleep, stress, or glucose patterns.",,TSH and thyroid hormone context,,46136.663194444445,46136.663194444445
thyroid_function,cycle_pattern,Irregular,,symptom,cycle_pattern|Irregular|,4,driver,1,Your cycle pattern makes thyroid function worth checking because thyroid hormones can affect ovulation and menstrual regularity.,,TSH and free T4,,46136.663194444445,46136.663194444445
thyroid_function,cycle_pattern,I don’t currently menstruate,,symptom,cycle_pattern|I don’t currently menstruate|,3,driver,1,Your cycle pattern makes thyroid function worth checking because thyroid hormones can affect ovulation and menstrual regularity.,,TSH and free T4,,46136.663194444445,46136.663194444445
thyroid_function,known_conditions,Thyroid disorder,,condition,known_conditions|Thyroid disorder|,6,driver,1,A thyroid disorder history makes thyroid monitoring a high-priority check rather than a general wellness add-on.,,"TSH, free T4 and medication monitoring context",,46136.663194444445,46136.663194444445
thyroid_function,medications_or_hormones,Thyroid medication,,medication,medications_or_hormones|Thyroid medication|,5,driver,1,"Because you use thyroid medication, testing helps confirm whether current dosing aligns with your symptoms and goals.",,TSH and free T4,,46136.663194444445,46136.663194444445
thyroid_function,family_history,Thyroid disease,,family_history,family_history|Thyroid disease|,3,driver,1,"A family history of thyroid disease raises the relevance of thyroid screening, especially when symptoms overlap.",,TSH,,46136.663194444445,46136.663194444445
thyroid_function,family_history,Autoimmune disease,,family_history,family_history|Autoimmune disease|,2,driver,1,Family autoimmune history can raise the relevance of thyroid autoimmunity context if thyroid markers are abnormal or symptoms persist.,,thyroid antibodies later if indicated,,46136.663194444445,46136.663194444445
thyroid_function,last_tests,More than 12 months ago,Thyroid,recency,last_tests|More than 12 months ago|Thyroid,3,modifier,1,"Because your thyroid testing is more than 12 months ago, this check helps refresh the information needed to interpret your current risk and next steps.",,thyroid recency,Overdue or unknown testing increases current-month relevance.,46136.663194444445,46136.663194444445
thyroid_function,last_tests,Never / not sure,Thyroid,recency,last_tests|Never / not sure|Thyroid,4,modifier,1,"Because your thyroid testing is never / not sure, this check helps refresh the information needed to interpret your current risk and next steps.",,thyroid recency,Overdue or unknown testing increases current-month relevance.,46136.663194444445,46136.663194444445
cardiometabolic_risk,goals,Weight / metabolism,,goal,goals|Weight / metabolism|,5,driver,1,"Because weight or metabolism is a current goal, this check prioritizes glucose, insulin, and lipid markers that guide practical next steps.",,"HbA1c, fasting glucose/insulin, lipids",,46136.663194444445,46136.663194444445
cardiometabolic_risk,goals,Cardiovascular / long-term health,,goal,goals|Cardiovascular / long-term health|,5,driver,1,"Because long-term cardiovascular health is a goal, cholesterol, glucose, and vascular-risk markers become more relevant.",,"HbA1c, fasting glucose/insulin, lipids",,46136.663194444445,46136.663194444445
cardiometabolic_risk,symptoms,Weight gain / hard to lose weight,,symptom,symptoms|Weight gain / hard to lose weight|,4,driver,1,"Weight gain or difficulty losing weight can be related to insulin resistance, thyroid function, sleep, stress, or lipid patterns.",,blood sugar and lipid risk,,46136.663194444445,46136.663194444445
cardiometabolic_risk,symptoms,Fatigue / low energy,,symptom,symptoms|Fatigue / low energy|,2,driver,1,"Fatigue can overlap with blood-sugar instability, especially when paired with weight or metabolic concerns.",,blood sugar and lipid risk,,46136.663194444445,46136.663194444445
cardiometabolic_risk,known_conditions,High cholesterol,,condition,known_conditions|High cholesterol|,6,driver,1,A high cholesterol history makes lipid follow-up a high-priority part of prevention.,,"lipids, HbA1c, glucose/insulin",,46136.663194444445,46136.663194444445
cardiometabolic_risk,known_conditions,Prediabetes / insulin resistance,,condition,known_conditions|Prediabetes / insulin resistance|,6,driver,1,A prediabetes or insulin-resistance history makes glucose and insulin markers important to reassess now.,,"lipids, HbA1c, glucose/insulin",,46136.663194444445,46136.663194444445
cardiometabolic_risk,known_conditions,Diabetes,,condition,known_conditions|Diabetes|,6,driver,1,A diabetes history means blood-sugar monitoring belongs in the core plan rather than an optional later check.,,"lipids, HbA1c, glucose/insulin",,46136.663194444445,46136.663194444445
cardiometabolic_risk,family_history,High cholesterol / heart disease,,family_history,family_history|High cholesterol / heart disease|,5,driver,1,Family history of high cholesterol or heart disease raises the priority of lipid and vascular-risk screening.,,lipids and cardiovascular risk markers,,46136.663194444445,46136.663194444445
cardiometabolic_risk,family_history,Diabetes,,family_history,family_history|Diabetes|,4,driver,1,Family history of diabetes raises the relevance of blood-sugar screening even before symptoms appear.,,"HbA1c, fasting glucose",,46136.663194444445,46136.663194444445
cardiometabolic_risk,medications_or_hormones,GLP-1 / weight-loss medication,,medication,medications_or_hormones|GLP-1 / weight-loss medication|,4,driver,1,"If you use GLP-1 or weight-loss medication, metabolic markers help track response and nutritional safety.",,"HbA1c, lipids, liver/kidney context",,46136.663194444445,46136.663194444445
cardiometabolic_risk,age_range,35–39,,age,age_range|35–39|,2,context,1,"At 35–39, cardiometabolic screening becomes more useful for catching early changes in blood sugar, cholesterol, and vascular risk.",,lipids and blood sugar,,46136.663194444445,46136.663194444445
cardiometabolic_risk,age_range,40–44,,age,age_range|40–44|,2,context,1,"At 40–44, cardiometabolic screening becomes more useful for catching early changes in blood sugar, cholesterol, and vascular risk.",,lipids and blood sugar,,46136.663194444445,46136.663194444445
cardiometabolic_risk,age_range,45–49,,age,age_range|45–49|,2,context,1,"At 45–49, cardiometabolic screening becomes more useful for catching early changes in blood sugar, cholesterol, and vascular risk.",,lipids and blood sugar,,46136.663194444445,46136.663194444445
cardiometabolic_risk,age_range,50–54,,age,age_range|50–54|,2,context,1,"At 50–54, cardiometabolic screening becomes more useful for catching early changes in blood sugar, cholesterol, and vascular risk.",,lipids and blood sugar,,46136.663194444445,46136.663194444445
cardiometabolic_risk,age_range,55+,,age,age_range|55+|,2,context,1,"At 55+, cardiometabolic screening becomes more useful for catching early changes in blood sugar, cholesterol, and vascular risk.",,lipids and blood sugar,,46136.663194444445,46136.663194444445
cardiometabolic_risk,last_tests,More than 12 months ago,Blood sugar / HbA1c,recency,last_tests|More than 12 months ago|Blood sugar / HbA1c,3,modifier,1,"Because your blood sugar / hba1c testing is more than 12 months ago, this check helps refresh the information needed to interpret your current risk and next steps.",,glucose recency,Overdue or unknown testing increases current-month relevance.,46136.663194444445,46136.663194444445
cardiometabolic_risk,last_tests,Never / not sure,Blood sugar / HbA1c,recency,last_tests|Never / not sure|Blood sugar / HbA1c,4,modifier,1,"Because your blood sugar / hba1c testing is never / not sure, this check helps refresh the information needed to interpret your current risk and next steps.",,glucose recency,Overdue or unknown testing increases current-month relevance.,46136.663194444445,46136.663194444445
cardiometabolic_risk,last_tests,More than 12 months ago,Cholesterol / lipids,recency,last_tests|More than 12 months ago|Cholesterol / lipids,3,modifier,1,"Because your cholesterol / lipids testing is more than 12 months ago, this check helps refresh the information needed to interpret your current risk and next steps.",,lipid recency,Overdue or unknown testing increases current-month relevance.,46136.663194444445,46136.663194444445
cardiometabolic_risk,last_tests,Never / not sure,Cholesterol / lipids,recency,last_tests|Never / not sure|Cholesterol / lipids,4,modifier,1,"Because your cholesterol / lipids testing is never / not sure, this check helps refresh the information needed to interpret your current risk and next steps.",,lipid recency,Overdue or unknown testing increases current-month relevance.,46136.663194444445,46136.663194444445
female_hormone_balance,goals,Hormones / cycle balance,,goal,goals|Hormones / cycle balance|,5,driver,1,"Because hormone or cycle balance is a goal, this check focuses on patterns that may explain cycle changes, libido, androgen symptoms, or perimenopause transition.",,cycle hormones and androgen context,,46136.663194444445,46136.663194444445
female_hormone_balance,goals,Fertility / reproductive planning,,goal,goals|Fertility / reproductive planning|,3,driver,1,"Fertility planning makes hormone context more useful, especially if cycles are irregular or age timing matters.",,cycle hormones and androgen context,,46136.663194444445,46136.663194444445
female_hormone_balance,symptoms,Irregular cycle,,symptom,symptoms|Irregular cycle|,5,driver,1,"Irregular cycles can reflect ovulation, thyroid, prolactin, androgen, or stress-related patterns.",,"cycle pattern, androgen and thyroid context",,46136.663194444445,46136.663194444445
female_hormone_balance,symptoms,Painful periods,,symptom,symptoms|Painful periods|,3,driver,1,Painful periods can be linked to inflammatory or gynecologic conditions and may need clinical follow-up if persistent.,,"cycle pattern, androgen and thyroid context",,46136.663194444445,46136.663194444445
female_hormone_balance,symptoms,Heavy periods,,symptom,symptoms|Heavy periods|,4,driver,1,"Heavy periods affect both hormone interpretation and iron risk, so this signal should shape the order of testing.",,"cycle pattern, androgen and thyroid context",,46136.663194444445,46136.663194444445
female_hormone_balance,symptoms,Acne / excess facial hair,,symptom,symptoms|Acne / excess facial hair|,5,driver,1,"Acne or excess facial hair can point to androgen excess, making androgen and metabolic context more relevant.",,"cycle pattern, androgen and thyroid context",,46136.663194444445,46136.663194444445
female_hormone_balance,symptoms,Low libido,,symptom,symptoms|Low libido|,3,driver,1,"Low libido can overlap with hormones, stress, sleep, thyroid, mood, and relationship context.",,"cycle pattern, androgen and thyroid context",,46136.663194444445,46136.663194444445
female_hormone_balance,symptoms,Low mood / mood swings,,symptom,symptoms|Low mood / mood swings|,2,driver,1,"Mood swings can overlap with cycle hormone changes, thyroid, sleep, and stress patterns.",,"cycle pattern, androgen and thyroid context",,46136.663194444445,46136.663194444445
female_hormone_balance,cycle_pattern,Irregular,,symptom,cycle_pattern|Irregular|,5,driver,1,"Your cycle pattern makes hormone-balance context more relevant, especially when symptoms or fertility goals are also present.",,hormone and cycle context,,46136.663194444445,46136.663194444445
female_hormone_balance,cycle_pattern,Very painful,,symptom,cycle_pattern|Very painful|,3,driver,1,"Your cycle pattern makes hormone-balance context more relevant, especially when symptoms or fertility goals are also present.",,hormone and cycle context,,46136.663194444445,46136.663194444445
female_hormone_balance,cycle_pattern,Very heavy,,symptom,cycle_pattern|Very heavy|,4,driver,1,"Your cycle pattern makes hormone-balance context more relevant, especially when symptoms or fertility goals are also present.",,hormone and cycle context,,46136.663194444445,46136.663194444445
female_hormone_balance,cycle_pattern,I don’t currently menstruate,,symptom,cycle_pattern|I don’t currently menstruate|,3,driver,1,"Your cycle pattern makes hormone-balance context more relevant, especially when symptoms or fertility goals are also present.",,hormone and cycle context,,46136.663194444445,46136.663194444445
female_hormone_balance,life_stage,Perimenopause,,life_stage,life_stage|Perimenopause|,5,driver,1,"Perimenopause can bring shifting estrogen, progesterone, sleep, mood, libido, and cycle patterns.",,hormone context by life stage,,46136.663194444445,46136.663194444445
female_hormone_balance,life_stage,Postmenopause,,life_stage,life_stage|Postmenopause|,4,driver,1,"Postmenopause changes cardiometabolic, bone, and hormone-risk context, so hormone interpretation should be tied to prevention.",,hormone context by life stage,,46136.663194444445,46136.663194444445
female_hormone_balance,life_stage,Trying to conceive,,life_stage,life_stage|Trying to conceive|,3,driver,1,"Trying to conceive makes cycle and hormone timing more useful, especially if cycles are irregular.",,hormone context by life stage,,46136.663194444445,46136.663194444445
female_hormone_balance,known_conditions,PCOS,,condition,known_conditions|PCOS|,6,driver,1,"PCOS history makes androgen, cycle, and metabolic markers especially relevant.",,androgen and metabolic context,,46136.663194444445,46136.663194444445
female_hormone_balance,known_conditions,Endometriosis,,condition,known_conditions|Endometriosis|,4,driver,1,Endometriosis history makes painful periods and inflammatory/gynecologic context more important than broad hormone testing alone.,,clinical gynecology pathway with supportive labs,,46136.663194444445,46136.663194444445
female_hormone_balance,medications_or_hormones,Hormonal contraception,,medication,medications_or_hormones|Hormonal contraception|,3,driver,1,"Hormonal contraception can change how reproductive hormones should be interpreted, so timing and test selection matter.",,interpretation context,,46136.663194444445,46136.663194444445
female_hormone_balance,last_tests,More than 12 months ago,Hormones / fertility markers,recency,last_tests|More than 12 months ago|Hormones / fertility markers,3,modifier,1,"Because your hormones / fertility markers testing is more than 12 months ago, this check helps refresh the information needed to interpret your current risk and next steps.",,hormone recency,Overdue or unknown testing increases current-month relevance.,46136.663194444445,46136.663194444445
female_hormone_balance,last_tests,Never / not sure,Hormones / fertility markers,recency,last_tests|Never / not sure|Hormones / fertility markers,4,modifier,1,"Because your hormones / fertility markers testing is never / not sure, this check helps refresh the information needed to interpret your current risk and next steps.",,hormone recency,Overdue or unknown testing increases current-month relevance.,46136.663194444445,46136.663194444445
fertility_reserve,life_stage,Trying to conceive,,life_stage,life_stage|Trying to conceive|,6,driver,1,"Trying to conceive makes ovarian reserve, cycle timing, thyroid, vitamin D, and iron status more actionable.",,"AMH, FSH/LH/estradiol when timed, thyroid, vitamin D",,46136.663194444445,46136.663194444445
fertility_reserve,goals,Fertility / reproductive planning,,goal,goals|Fertility / reproductive planning|,5,driver,1,Fertility planning makes reproductive reserve and hormone context useful for timing decisions.,,"AMH, FSH/LH/estradiol when timed, thyroid, vitamin D",,46136.663194444445,46136.663194444445
fertility_reserve,age_range,35–39,,age,age_range|35–39|,4,driver,1,"At 35–39, fertility planning becomes more time-sensitive, so ovarian reserve context can support earlier decisions.",,AMH and cycle-timed hormones,,46136.663194444445,46136.663194444445
fertility_reserve,age_range,40–44,,age,age_range|40–44|,4,driver,1,"At 40–44, fertility planning becomes more time-sensitive, so ovarian reserve context can support earlier decisions.",,AMH and cycle-timed hormones,,46136.663194444445,46136.663194444445
fertility_reserve,age_range,45–49,,age,age_range|45–49|,4,driver,1,"At 45–49, fertility planning becomes more time-sensitive, so ovarian reserve context can support earlier decisions.",,AMH and cycle-timed hormones,,46136.663194444445,46136.663194444445
fertility_reserve,known_conditions,Fertility issues,,condition,known_conditions|Fertility issues|,6,driver,1,A fertility-history signal makes reproductive reserve and endocrine context high priority.,,"AMH, thyroid, prolactin/cycle hormones where appropriate",,46136.663194444445,46136.663194444445
fertility_reserve,medications_or_hormones,Fertility medication,,medication,medications_or_hormones|Fertility medication|,5,driver,1,Fertility medication use means lab interpretation should align with treatment timing and clinician guidance.,,clinician-directed reproductive labs,,46136.663194444445,46136.663194444445
fertility_reserve,family_history,Early menopause,,family_history,family_history|Early menopause|,5,driver,1,Family history of early menopause raises the value of ovarian reserve testing and timing conversations.,,AMH and reproductive planning,,46136.663194444445,46136.663194444445
fertility_reserve,symptoms,Irregular cycle,,symptom,symptoms|Irregular cycle|,3,driver,1,"Irregular cycle can affect fertility interpretation, especially when paired with cycle irregularity or androgen signals.",,reproductive hormone context,,46136.663194444445,46136.663194444445
fertility_reserve,symptoms,Low libido,,symptom,symptoms|Low libido|,3,driver,1,"Low libido can affect fertility interpretation, especially when paired with cycle irregularity or androgen signals.",,reproductive hormone context,,46136.663194444445,46136.663194444445
fertility_reserve,symptoms,Acne / excess facial hair,,symptom,symptoms|Acne / excess facial hair|,3,driver,1,"Acne / excess facial hair can affect fertility interpretation, especially when paired with cycle irregularity or androgen signals.",,reproductive hormone context,,46136.663194444445,46136.663194444445
fertility_reserve,last_tests,More than 12 months ago,Hormones / fertility markers,recency,last_tests|More than 12 months ago|Hormones / fertility markers,3,modifier,1,"Because your hormones / fertility markers testing is more than 12 months ago, this check helps refresh the information needed to interpret your current risk and next steps.",,fertility marker recency,Overdue or unknown testing increases current-month relevance.,46136.663194444445,46136.663194444445
fertility_reserve,last_tests,Never / not sure,Hormones / fertility markers,recency,last_tests|Never / not sure|Hormones / fertility markers,4,modifier,1,"Because your hormones / fertility markers testing is never / not sure, this check helps refresh the information needed to interpret your current risk and next steps.",,fertility marker recency,Overdue or unknown testing increases current-month relevance.,46136.663194444445,46136.663194444445
gut_digestive_review,goals,Gut health / digestion,,goal,goals|Gut health / digestion|,5,driver,1,"Because gut health is a current goal, this check focuses on digestive, inflammatory, and nutrient patterns that can shape energy and absorption.",,digestive and nutrient context,,46136.663194444445,46136.663194444445
gut_digestive_review,symptoms,Digestive issues / bloating,,symptom,symptoms|Digestive issues / bloating|,6,driver,1,"Digestive symptoms or bloating make gut, inflammation, and nutrient-absorption markers more relevant.",,gut inflammation and nutrient sufficiency,,46136.663194444445,46136.663194444445
gut_digestive_review,known_conditions,Gut condition / IBS / celiac,,condition,known_conditions|Gut condition / IBS / celiac|,6,driver,1,A gut condition history makes digestive review and nutrient status more important than broad wellness testing.,,celiac/IBS context and nutrient markers,,46136.663194444445,46136.663194444445
gut_digestive_review,diet_pattern,Gluten-free,,diet,diet_pattern|Gluten-free|,3,driver,1,A gluten-free diet may reflect gut symptoms or celiac history and can change nutrient intake patterns.,,nutrient absorption and gut context,,46136.663194444445,46136.663194444445
gut_digestive_review,diet_pattern,Dairy-free,,diet,diet_pattern|Dairy-free|,2,driver,1,"Dairy-free eating can affect calcium, vitamin D, and gut-symptom context.",,nutrient absorption and gut context,,46136.663194444445,46136.663194444445
gut_digestive_review,diet_pattern,Restrictive dieting,,diet,diet_pattern|Restrictive dieting|,3,driver,1,Restrictive dieting can reduce nutrient intake and may overlap with digestive symptoms.,,nutrient absorption and gut context,,46136.663194444445,46136.663194444445
gut_digestive_review,diet_pattern,Vegan,,diet,diet_pattern|Vegan|,2,driver,1,"A vegan pattern can shift B12, iron, zinc, and protein intake, which matters when gut symptoms are present.",,nutrient absorption and gut context,,46136.663194444445,46136.663194444445
recovery_training_load,lifestyle_context,I exercise intensely 4+ times/week,,lifestyle,lifestyle_context|I exercise intensely 4+ times/week|,6,driver,1,"High training load places more demand on recovery, hydration, iron status, inflammation control, and energy availability.",,"recovery, inflammation, hydration and metabolic markers",,46136.663194444445,46136.663194444445
recovery_training_load,lifestyle_context,I sleep poorly most weeks,,lifestyle,lifestyle_context|I sleep poorly most weeks|,4,driver,1,"Poor sleep can raise stress load and reduce recovery, making inflammatory and metabolic context more useful.",,"recovery, inflammation, hydration and metabolic markers",,46136.663194444445,46136.663194444445
recovery_training_load,lifestyle_context,I feel chronically stressed,,lifestyle,lifestyle_context|I feel chronically stressed|,4,driver,1,"Chronic stress can affect sleep, energy, glucose regulation, inflammation, and cycle patterns.",,"recovery, inflammation, hydration and metabolic markers",,46136.663194444445,46136.663194444445
recovery_training_load,lifestyle_context,I work shifts / irregular hours,,lifestyle,lifestyle_context|I work shifts / irregular hours|,4,driver,1,"Shift work can disrupt circadian rhythm, sleep, appetite regulation, and glucose patterns.",,"recovery, inflammation, hydration and metabolic markers",,46136.663194444445,46136.663194444445
recovery_training_load,symptoms,Fatigue / low energy,,symptom,symptoms|Fatigue / low energy|,4,driver,1,"Fatigue under training or stress load can reflect under-recovery, low iron, thyroid, vitamin D, or glucose patterns.",,recovery and stress-load context,,46136.663194444445,46136.663194444445
recovery_training_load,symptoms,Poor sleep,,symptom,symptoms|Poor sleep|,4,driver,1,Poor sleep makes recovery and stress-load markers more relevant.,,recovery and stress-load context,,46136.663194444445,46136.663194444445
recovery_training_load,symptoms,High stress,,symptom,symptoms|High stress|,4,driver,1,"High stress can affect cortisol rhythm, glucose control, inflammation, and recovery.",,recovery and stress-load context,,46136.663194444445,46136.663194444445
sti_screening,life_stage,Trying to conceive,,life_stage,life_stage|Trying to conceive|,4,driver,1,"Before or during fertility planning, STI screening helps protect reproductive health and reduces avoidable risk.",,STI and infection screening as appropriate,,46136.663194444445,46136.663194444445
sti_screening,life_stage,Pregnant,,life_stage,life_stage|Pregnant|,5,driver,1,"During pregnancy, infection screening is clinically important because some infections can affect maternal and fetal health.",,STI and infection screening as appropriate,,46136.663194444445,46136.663194444445
sti_screening,known_conditions,Recurrent UTIs or vaginal infections,,condition,known_conditions|Recurrent UTIs or vaginal infections|,3,driver,1,"Recurrent urogenital symptoms can make targeted infection review more relevant, especially if symptoms persist.",,STI and infection screening as appropriate,,46136.663194444445,46136.663194444445
sti_screening,last_tests,More than 12 months ago,STI screening,recency,last_tests|More than 12 months ago|STI screening,3,modifier,1,"Because your sti screening testing is more than 12 months ago, this check helps refresh the information needed to interpret your current risk and next steps.",,STI recency,Overdue or unknown testing increases current-month relevance.,46136.663194444445,46136.663194444445
sti_screening,last_tests,Never / not sure,STI screening,recency,last_tests|Never / not sure|STI screening,4,modifier,1,"Because your sti screening testing is never / not sure, this check helps refresh the information needed to interpret your current risk and next steps.",,STI recency,Overdue or unknown testing increases current-month relevance.,46136.663194444445,46136.663194444445
immune_inflammation,symptoms,Frequent infections,,symptom,symptoms|Frequent infections|,6,driver,1,"Frequent infections make immune, inflammation, vitamin D, and blood-count context more relevant.",,"blood count, inflammation, vitamin D",,46136.663194444445,46136.663194444445
immune_inflammation,symptoms,Fatigue / low energy,,symptom,symptoms|Fatigue / low energy|,2,driver,1,"Fatigue can overlap with inflammation, immune activation, iron deficiency, thyroid, or vitamin D patterns.",,"blood count, inflammation, vitamin D",,46136.663194444445,46136.663194444445
immune_inflammation,symptoms,Headaches / migraines,,symptom,symptoms|Headaches / migraines|,2,driver,1,"Headaches or migraines can sometimes overlap with inflammation, nutrient status, sleep, or hormone patterns.",,"blood count, inflammation, vitamin D",,46136.663194444445,46136.663194444445
immune_inflammation,family_history,Autoimmune disease,,family_history,family_history|Autoimmune disease|,4,driver,1,Family autoimmune history raises the relevance of inflammatory and autoimmune context if symptoms are present.,,inflammation markers and targeted autoimmunity if indicated,,46136.663194444445,46136.663194444445
immune_inflammation,known_conditions,Vitamin D deficiency,,condition,known_conditions|Vitamin D deficiency|,3,driver,1,"Vitamin D deficiency can be relevant to immune function, especially when infection frequency is part of the picture.",,vitamin D and immune context,,46136.663194444445,46136.663194444445
immune_inflammation,known_conditions,Gut condition / IBS / celiac,,condition,known_conditions|Gut condition / IBS / celiac|,3,driver,1,"Gut conditions can overlap with inflammation and nutrient absorption, so immune context may be useful if symptoms persist.",,inflammation and nutrient status,,46136.663194444445,46136.663194444445
pregnancy_postpartum_support,life_stage,Pregnant,,life_stage,life_stage|Pregnant|,6,driver,1,"Pregnancy changes iron, thyroid, glucose, vitamin D, and infection-screening needs, so testing should be more structured and clinician-aligned.",,pregnancy/postpartum clinician-guided labs,,46136.663194444445,46136.663194444445
pregnancy_postpartum_support,life_stage,Postpartum (last 12 months),,life_stage,life_stage|Postpartum (last 12 months)|,6,driver,1,"Postpartum recovery can affect iron stores, thyroid function, mood, energy, and nutrient needs.",,pregnancy/postpartum clinician-guided labs,,46136.663194444445,46136.663194444445
pregnancy_postpartum_support,life_stage,Trying to conceive,,life_stage,life_stage|Trying to conceive|,3,driver,1,"Trying to conceive makes preconception nutrient, thyroid, vitamin D, and infection-screening context more actionable.",,pregnancy/postpartum clinician-guided labs,,46136.663194444445,46136.663194444445
pregnancy_postpartum_support,symptoms,Fatigue / low energy,,symptom,symptoms|Fatigue / low energy|,3,driver,1,"Fatigue / low energy can be common in pregnancy or postpartum, but it is also important to rule out iron, thyroid, vitamin D, and glucose contributors.",,"iron, thyroid, vitamin D, glucose",,46136.663194444445,46136.663194444445
pregnancy_postpartum_support,symptoms,Low mood / mood swings,,symptom,symptoms|Low mood / mood swings|,3,driver,1,"Low mood / mood swings can be common in pregnancy or postpartum, but it is also important to rule out iron, thyroid, vitamin D, and glucose contributors.",,"iron, thyroid, vitamin D, glucose",,46136.663194444445,46136.663194444445
pregnancy_postpartum_support,symptoms,Hair loss / brittle hair,,symptom,symptoms|Hair loss / brittle hair|,3,driver,1,"Hair loss / brittle hair can be common in pregnancy or postpartum, but it is also important to rule out iron, thyroid, vitamin D, and glucose contributors.",,"iron, thyroid, vitamin D, glucose",,46136.663194444445,46136.663194444445
pregnancy_postpartum_support,symptoms,Frequent infections,,symptom,symptoms|Frequent infections|,3,driver,1,"Frequent infections can be common in pregnancy or postpartum, but it is also important to rule out iron, thyroid, vitamin D, and glucose contributors.",,"iron, thyroid, vitamin D, glucose",,46136.663194444445,46136.663194444445
pregnancy_postpartum_support,known_conditions,Iron deficiency / anemia,,condition,known_conditions|Iron deficiency / anemia|,5,driver,1,A history of iron deficiency / anemia makes pregnancy or postpartum follow-up more important and should be reviewed with a clinician.,,condition-specific pregnancy/postpartum monitoring,,46136.663194444445,46136.663194444445
pregnancy_postpartum_support,known_conditions,Vitamin D deficiency,,condition,known_conditions|Vitamin D deficiency|,5,driver,1,A history of vitamin d deficiency makes pregnancy or postpartum follow-up more important and should be reviewed with a clinician.,,condition-specific pregnancy/postpartum monitoring,,46136.663194444445,46136.663194444445
pregnancy_postpartum_support,known_conditions,Thyroid disorder,,condition,known_conditions|Thyroid disorder|,5,driver,1,A history of thyroid disorder makes pregnancy or postpartum follow-up more important and should be reviewed with a clinician.,,condition-specific pregnancy/postpartum monitoring,,46136.663194444445,46136.663194444445
pregnancy_postpartum_support,known_conditions,Diabetes,,condition,known_conditions|Diabetes|,5,driver,1,A history of diabetes makes pregnancy or postpartum follow-up more important and should be reviewed with a clinician.,,condition-specific pregnancy/postpartum monitoring,,46136.663194444445,46136.663194444445
pregnancy_postpartum_support,known_conditions,Prediabetes / insulin resistance,,condition,known_conditions|Prediabetes / insulin resistance|,5,driver,1,A history of prediabetes / insulin resistance makes pregnancy or postpartum follow-up more important and should be reviewed with a clinician.,,condition-specific pregnancy/postpartum monitoring,,46136.663194444445,46136.663194444445
menopause_healthy_aging,life_stage,Perimenopause,,life_stage,life_stage|Perimenopause|,6,driver,1,"Perimenopause can shift cycle patterns, sleep, mood, weight, lipids, glucose, and bone-health context.",,menopause transition and prevention markers,,46136.663194444445,46136.663194444445
menopause_healthy_aging,life_stage,Postmenopause,,life_stage,life_stage|Postmenopause|,6,driver,1,"Postmenopause increases the importance of cardiometabolic, bone, vitamin D, and preventive health monitoring.",,menopause transition and prevention markers,,46136.663194444445,46136.663194444445
menopause_healthy_aging,age_range,45–49,,age,age_range|45–49|,4,driver,1,"At 45–49, healthy-aging screening becomes more relevant for bone, cardiometabolic, thyroid, and inflammation patterns.",,healthy-aging and prevention labs,,46136.663194444445,46136.663194444445
menopause_healthy_aging,age_range,50–54,,age,age_range|50–54|,4,driver,1,"At 50–54, healthy-aging screening becomes more relevant for bone, cardiometabolic, thyroid, and inflammation patterns.",,healthy-aging and prevention labs,,46136.663194444445,46136.663194444445
menopause_healthy_aging,age_range,55+,,age,age_range|55+|,4,driver,1,"At 55+, healthy-aging screening becomes more relevant for bone, cardiometabolic, thyroid, and inflammation patterns.",,healthy-aging and prevention labs,,46136.663194444445,46136.663194444445
menopause_healthy_aging,symptoms,Poor sleep,,symptom,symptoms|Poor sleep|,3,driver,1,"Poor sleep can become more common during hormonal transition and should be interpreted with cardiometabolic, thyroid, iron, and vitamin D context.",,menopause-related prevention,,46136.663194444445,46136.663194444445
menopause_healthy_aging,symptoms,High stress,,symptom,symptoms|High stress|,3,driver,1,"High stress can become more common during hormonal transition and should be interpreted with cardiometabolic, thyroid, iron, and vitamin D context.",,menopause-related prevention,,46136.663194444445,46136.663194444445
menopause_healthy_aging,symptoms,Low libido,,symptom,symptoms|Low libido|,3,driver,1,"Low libido can become more common during hormonal transition and should be interpreted with cardiometabolic, thyroid, iron, and vitamin D context.",,menopause-related prevention,,46136.663194444445,46136.663194444445
menopause_healthy_aging,symptoms,Weight gain / hard to lose weight,,symptom,symptoms|Weight gain / hard to lose weight|,3,driver,1,"Weight gain / hard to lose weight can become more common during hormonal transition and should be interpreted with cardiometabolic, thyroid, iron, and vitamin D context.",,menopause-related prevention,,46136.663194444445,46136.663194444445
menopause_healthy_aging,symptoms,Low mood / mood swings,,symptom,symptoms|Low mood / mood swings|,3,driver,1,"Low mood / mood swings can become more common during hormonal transition and should be interpreted with cardiometabolic, thyroid, iron, and vitamin D context.",,menopause-related prevention,,46136.663194444445,46136.663194444445
menopause_healthy_aging,symptoms,Irregular cycle,,symptom,symptoms|Irregular cycle|,3,driver,1,"Irregular cycle can become more common during hormonal transition and should be interpreted with cardiometabolic, thyroid, iron, and vitamin D context.",,menopause-related prevention,,46136.663194444445,46136.663194444445
menopause_healthy_aging,symptoms,Heavy periods,,symptom,symptoms|Heavy periods|,3,driver,1,"Heavy periods can become more common during hormonal transition and should be interpreted with cardiometabolic, thyroid, iron, and vitamin D context.",,menopause-related prevention,,46136.663194444445,46136.663194444445
menopause_healthy_aging,family_history,Early menopause,,family_history,family_history|Early menopause|,4,driver,1,Family history of early menopause raises the value of earlier hormone-transition and bone-health planning.,,menopause timing and bone health context,,46136.663194444445,46136.663194444445
menopause_healthy_aging,family_history,High cholesterol / heart disease,,family_history,family_history|High cholesterol / heart disease|,3,driver,1,Family cardiometabolic history makes cholesterol and blood-sugar monitoring more important during menopause transition.,,lipids and glucose,,46136.663194444445,46136.663194444445
urogenital_recurrent_infections,known_conditions,Recurrent UTIs or vaginal infections,,condition,known_conditions|Recurrent UTIs or vaginal infections|,6,driver,1,Recurrent UTIs or vaginal infections make targeted urogenital review more relevant than a broad blood-test panel alone.,,urine/vaginal infection testing and glucose context,,46136.663194444445,46136.663194444445
urogenital_recurrent_infections,symptoms,Frequent infections,,symptom,symptoms|Frequent infections|,4,driver,1,"Frequent infections raise the relevance of infection review and immune context, especially if urinary or vaginal symptoms recur.",,infection review,,46136.663194444445,46136.663194444445
urogenital_recurrent_infections,life_stage,Pregnant,,life_stage,life_stage|Pregnant|,3,driver,1,Pregnant can change urogenital infection risk and makes symptom-based screening more important.,,urine and vaginal health screening,,46136.663194444445,46136.663194444445
urogenital_recurrent_infections,life_stage,Postpartum (last 12 months),,life_stage,life_stage|Postpartum (last 12 months)|,3,driver,1,Postpartum (last 12 months) can change urogenital infection risk and makes symptom-based screening more important.,,urine and vaginal health screening,,46136.663194444445,46136.663194444445
urogenital_recurrent_infections,known_conditions,Diabetes,,condition,known_conditions|Diabetes|,4,driver,1,"Diabetes can increase the tendency toward recurrent infections, so glucose context may matter alongside infection testing.",,infection screening plus glucose context,,46136.663194444445,46136.663194444445
urogenital_recurrent_infections,known_conditions,Prediabetes / insulin resistance,,condition,known_conditions|Prediabetes / insulin resistance|,4,driver,1,"Prediabetes / insulin resistance can increase the tendency toward recurrent infections, so glucose context may matter alongside infection testing.",,infection screening plus glucose context,,46136.663194444445,46136.663194444445
specialist_clinical_pathway,family_history,Breast / ovarian cancer,,family_history,family_history|Breast / ovarian cancer|,6,driver,1,Family history of breast or ovarian cancer should trigger a clinician-led risk conversation rather than a standard wellness blood-test recommendation.,,clinician-led risk review,,46136.663194444445,46136.663194444445
specialist_clinical_pathway,family_history,Autoimmune disease,,family_history,family_history|Autoimmune disease|,4,driver,1,Family autoimmune history may justify targeted clinician review when symptoms or abnormal screening markers are present.,,clinician-led risk review,,46136.663194444445,46136.663194444445
specialist_clinical_pathway,known_conditions,PCOS,,condition,known_conditions|PCOS|,5,driver,1,PCOS history may require a more targeted endocrine and metabolic pathway than a generic hormone panel.,,condition-specific clinician pathway,,46136.663194444445,46136.663194444445
specialist_clinical_pathway,known_conditions,Endometriosis,,condition,known_conditions|Endometriosis|,5,driver,1,"Endometriosis history is best handled with gynecology-led care when pain, fertility, or bleeding symptoms are present.",,condition-specific clinician pathway,,46136.663194444445,46136.663194444445
specialist_clinical_pathway,known_conditions,Diabetes,,condition,known_conditions|Diabetes|,5,driver,1,Diabetes history should follow clinician-guided monitoring rather than a generic prevention pathway.,,condition-specific clinician pathway,,46136.663194444445,46136.663194444445
specialist_clinical_pathway,known_conditions,Thyroid disorder,,condition,known_conditions|Thyroid disorder|,4,driver,1,Thyroid disorder history may require medication-specific monitoring and clinician interpretation.,,condition-specific clinician pathway,,46136.663194444445,46136.663194444445
specialist_clinical_pathway,known_conditions,Gut condition / IBS / celiac,,condition,known_conditions|Gut condition / IBS / celiac|,4,driver,1,Gut or celiac history may require targeted testing and interpretation beyond a standard wellness panel.,,condition-specific clinician pathway,,46136.663194444445,46136.663194444445
fatigue_low_energy_panel,symptoms,Fatigue / low energy,,symptom,symptoms|Fatigue / low energy|,6,driver,1,"Fatigue is a broad signal, so this panel prioritizes the most common and actionable contributors first: iron status, thyroid function, vitamin D, blood count, and blood-sugar regulation.",,"iron, thyroid, vitamin D, blood count and glucose context",,46136.663194444445,46136.663194444445
fatigue_low_energy_panel,symptoms,Brain fog,,symptom,symptoms|Brain fog|,4,driver,1,"Brain fog can overlap with sleep, stress, thyroid, iron, B12/folate, vitamin D, and glucose patterns, so this panel helps narrow the first-line causes.",,"iron, thyroid, vitamin D, blood count and glucose context",,46136.663194444445,46136.663194444445
fatigue_low_energy_panel,symptoms,Poor sleep,,symptom,symptoms|Poor sleep|,3,driver,1,"Poor sleep can drive fatigue directly and can also affect glucose regulation, inflammation, and recovery.",,"iron, thyroid, vitamin D, blood count and glucose context",,46136.663194444445,46136.663194444445
fatigue_low_energy_panel,symptoms,High stress,,symptom,symptoms|High stress|,3,driver,1,"High stress can contribute to fatigue through sleep disruption, recovery strain, and blood-sugar variability.",,"iron, thyroid, vitamin D, blood count and glucose context",,46136.663194444445,46136.663194444445
fatigue_low_energy_panel,symptoms,Low mood / mood swings,,symptom,symptoms|Low mood / mood swings|,3,driver,1,"Mood changes and fatigue can share biological contributors such as thyroid imbalance, iron deficiency, vitamin D deficiency, or sleep disruption.",,"iron, thyroid, vitamin D, blood count and glucose context",,46136.663194444445,46136.663194444445
fatigue_low_energy_panel,symptoms,Weight gain / hard to lose weight,,symptom,symptoms|Weight gain / hard to lose weight|,3,driver,1,Weight gain with fatigue raises the relevance of thyroid and glucose markers.,,"iron, thyroid, vitamin D, blood count and glucose context",,46136.663194444445,46136.663194444445
fatigue_low_energy_panel,diet_pattern,Vegetarian,,diet,diet_pattern|Vegetarian|,3,driver,1,"A vegetarian pattern can make iron, B12, and folate status more relevant when fatigue is present.",,"iron, B12/folate, vitamin D, and energy availability",,46136.663194444445,46136.663194444445
fatigue_low_energy_panel,diet_pattern,Vegan,,diet,diet_pattern|Vegan|,4,driver,1,"A vegan pattern can make B12, iron, vitamin D, and protein-related nutrition more relevant when fatigue is present.",,"iron, B12/folate, vitamin D, and energy availability",,46136.663194444445,46136.663194444445
fatigue_low_energy_panel,diet_pattern,Low red meat intake,,diet,diet_pattern|Low red meat intake|,3,driver,1,"Low red meat intake can lower heme iron exposure, which matters when fatigue or hair changes are present.",,"iron, B12/folate, vitamin D, and energy availability",,46136.663194444445,46136.663194444445
fatigue_low_energy_panel,diet_pattern,Restrictive dieting,,diet,diet_pattern|Restrictive dieting|,4,driver,1,"Restrictive dieting can reduce energy availability and key micronutrients, making nutrient-related fatigue more likely.",,"iron, B12/folate, vitamin D, and energy availability",,46136.663194444445,46136.663194444445
fatigue_low_energy_panel,known_conditions,Iron deficiency / anemia,,condition,known_conditions|Iron deficiency / anemia|,6,driver,1,A history of iron deficiency / anemia makes this fatigue panel more actionable because it can connect symptoms to a known biological pathway.,,condition-specific fatigue contributors,,46136.663194444445,46136.663194444445
fatigue_low_energy_panel,known_conditions,Vitamin D deficiency,,condition,known_conditions|Vitamin D deficiency|,5,driver,1,A history of vitamin d deficiency makes this fatigue panel more actionable because it can connect symptoms to a known biological pathway.,,condition-specific fatigue contributors,,46136.663194444445,46136.663194444445
fatigue_low_energy_panel,known_conditions,Thyroid disorder,,condition,known_conditions|Thyroid disorder|,5,driver,1,A history of thyroid disorder makes this fatigue panel more actionable because it can connect symptoms to a known biological pathway.,,condition-specific fatigue contributors,,46136.663194444445,46136.663194444445
fatigue_low_energy_panel,known_conditions,Prediabetes / insulin resistance,,condition,known_conditions|Prediabetes / insulin resistance|,4,driver,1,A history of prediabetes / insulin resistance makes this fatigue panel more actionable because it can connect symptoms to a known biological pathway.,,condition-specific fatigue contributors,,46136.663194444445,46136.663194444445
fatigue_low_energy_panel,known_conditions,Diabetes,,condition,known_conditions|Diabetes|,4,driver,1,A history of diabetes makes this fatigue panel more actionable because it can connect symptoms to a known biological pathway.,,condition-specific fatigue contributors,,46136.663194444445,46136.663194444445
fatigue_low_energy_panel,life_stage,Pregnant,,life_stage,life_stage|Pregnant|,5,driver,1,"Pregnant can change iron, thyroid, vitamin D, sleep, mood, and metabolic needs, so fatigue should be interpreted in that context.",,life-stage fatigue contributors,,46136.663194444445,46136.663194444445
fatigue_low_energy_panel,life_stage,Postpartum (last 12 months),,life_stage,life_stage|Postpartum (last 12 months)|,5,driver,1,"Postpartum (last 12 months) can change iron, thyroid, vitamin D, sleep, mood, and metabolic needs, so fatigue should be interpreted in that context.",,life-stage fatigue contributors,,46136.663194444445,46136.663194444445
fatigue_low_energy_panel,life_stage,Perimenopause,,life_stage,life_stage|Perimenopause|,3,driver,1,"Perimenopause can change iron, thyroid, vitamin D, sleep, mood, and metabolic needs, so fatigue should be interpreted in that context.",,life-stage fatigue contributors,,46136.663194444445,46136.663194444445
fatigue_low_energy_panel,life_stage,Postmenopause,,life_stage,life_stage|Postmenopause|,3,driver,1,"Postmenopause can change iron, thyroid, vitamin D, sleep, mood, and metabolic needs, so fatigue should be interpreted in that context.",,life-stage fatigue contributors,,46136.663194444445,46136.663194444445
fatigue_low_energy_panel,lifestyle_context,I exercise intensely 4+ times/week,,lifestyle,lifestyle_context|I exercise intensely 4+ times/week|,4,driver,1,"I exercise intensely 4+ times/week can make fatigue more likely through recovery, circadian, stress, or energy-availability pathways.",,"recovery, circadian rhythm and fatigue",,46136.663194444445,46136.663194444445
fatigue_low_energy_panel,lifestyle_context,I sleep poorly most weeks,,lifestyle,lifestyle_context|I sleep poorly most weeks|,4,driver,1,"I sleep poorly most weeks can make fatigue more likely through recovery, circadian, stress, or energy-availability pathways.",,"recovery, circadian rhythm and fatigue",,46136.663194444445,46136.663194444445
fatigue_low_energy_panel,lifestyle_context,I feel chronically stressed,,lifestyle,lifestyle_context|I feel chronically stressed|,4,driver,1,"I feel chronically stressed can make fatigue more likely through recovery, circadian, stress, or energy-availability pathways.",,"recovery, circadian rhythm and fatigue",,46136.663194444445,46136.663194444445
fatigue_low_energy_panel,lifestyle_context,I work shifts / irregular hours,,lifestyle,lifestyle_context|I work shifts / irregular hours|,3,driver,1,"I work shifts / irregular hours can make fatigue more likely through recovery, circadian, stress, or energy-availability pathways.",,"recovery, circadian rhythm and fatigue",,46136.663194444445,46136.663194444445
preventive_screening_germany,age,18,,age,age|18|,5,context,1,"At your age, this is a simple 'peace of mind' test. Chlamydia often has no symptoms, so checking once a year ensures you protect your long-term fertility and health without any guesswork.",Preventive screening interval,Chlamydia (Urine),Age-based routine screening,2026-04-27 08:58:36,2026-04-27 08:58:36
preventive_screening_germany,age,18,,age,age|18|,5,context,1,"Beyond a bright smile, regular checks prevent inflammation that can affect your whole body. Plus, keeping your 'Bonusheft' stamped every year saves you significant costs on future dental work.",Preventive screening interval,Dental,Age-based routine screening,2026-04-27 08:58:36,2026-04-27 08:58:36
preventive_screening_germany,age,18,,age,age|18|,5,context,1,This is your regular 'health baseline' check. It’s a moment for you and your doctor to look at the big picture—like blood pressure and heart health—to keep you feeling your best as you age.,Preventive screening interval,Physical,Age-based routine screening,2026-04-27 08:58:36,2026-04-27 08:58:36
preventive_screening_germany,family_history,Early breast/colon cancer,,family_history,family_history|Early breast/colon cancer|,9,driver,1,"Due to your family history of Early breast/colon cancer, guidelines recommend intensified or earlier screening with Genetic counseling if BRCA+.",Risk-adjusted screening protocol,Genetic counseling if BRCA+,Family history significantly increases risk,2026-04-27 08:58:36,2026-04-27 08:58:36
preventive_screening_germany,age,19,,age,age|19|,5,context,1,"At age 19, German statutory health insurance covers the Chlamydia as a routine preventive measure.",Preventive screening interval,Chlamydia,Age-based routine screening,2026-04-27 08:58:36,2026-04-27 08:58:36
preventive_screening_germany,age,19,,age,age|19|,5,context,1,"Beyond a bright smile, regular checks prevent inflammation that can affect your whole body. Plus, keeping your 'Bonusheft' stamped every year saves you significant costs on future dental work.",Preventive screening interval,Dental,Age-based routine screening,2026-04-27 08:58:36,2026-04-27 08:58:36
preventive_screening_germany,family_history,HPV risk,,family_history,family_history|HPV risk|,9,driver,1,"Due to your family history of HPV risk, guidelines recommend intensified or earlier screening with Early Ultrasound (US).",Risk-adjusted screening protocol,Early Ultrasound (US),Family history significantly increases risk,2026-04-27 08:58:36,2026-04-27 08:58:36
preventive_screening_germany,age,20,,age,age|20|,5,context,1,"Your body is excellent at renewal, but sometimes small changes happen unnoticed. This routine cell-check ensures any shifts are caught early when they are incredibly easy to manage.",Preventive screening interval,Pap Smear,Age-based routine screening,2026-04-27 08:58:36,2026-04-27 08:58:36
preventive_screening_germany,age,20,,age,age|20|,5,context,1,A gentle physical check to ensure everything is functioning as it should. It’s the best way to detect any structural changes or infections before they cause discomfort.,Preventive screening interval,Genital Exam,Age-based routine screening,2026-04-27 08:58:36,2026-04-27 08:58:36
preventive_screening_germany,age,20,,age,age|20|,5,context,1,"At age 20, German statutory health insurance covers the Chlamydia as a routine preventive measure.",Preventive screening interval,Chlamydia,Age-based routine screening,2026-04-27 08:58:36,2026-04-27 08:58:36
preventive_screening_germany,age,20,,age,age|20|,5,context,1,"Beyond a bright smile, regular checks prevent inflammation that can affect your whole body. Plus, keeping your 'Bonusheft' stamped every year saves you significant costs on future dental work.",Preventive screening interval,Dental,Age-based routine screening,2026-04-27 08:58:36,2026-04-27 08:58:36
preventive_screening_germany,family_history,HPV risk,,family_history,family_history|HPV risk|,9,driver,1,"Due to your family history of HPV risk, guidelines recommend intensified or earlier screening with Colposcopy if Pap is abnormal.",Risk-adjusted screening protocol,Colposcopy if Pap is abnormal,Family history significantly increases risk,2026-04-27 08:58:36,2026-04-27 08:58:36
preventive_screening_germany,age,21,,age,age|21|,5,context,1,"Your body is excellent at renewal, but sometimes small changes happen unnoticed. This routine cell-check ensures any shifts are caught early when they are incredibly easy to manage.",Preventive screening interval,Pap Smear,Age-based routine screening,2026-04-27 08:58:36,2026-04-27 08:58:36
preventive_screening_germany,age,21,,age,age|21|,5,context,1,A gentle physical check to ensure everything is functioning as it should. It’s the best way to detect any structural changes or infections before they cause discomfort.,Preventive screening interval,Genital Exam,Age-based routine screening,2026-04-27 08:58:36,2026-04-27 08:58:36
preventive_screening_germany,age,21,,age,age|21|,5,context,1,"At age 21, German statutory health insurance covers the Chlamydia as a routine preventive measure.",Preventive screening interval,Chlamydia,Age-based routine screening,2026-04-27 08:58:36,2026-04-27 08:58:36
preventive_screening_germany,age,21,,age,age|21|,5,context,1,"Beyond a bright smile, regular checks prevent inflammation that can affect your whole body. Plus, keeping your 'Bonusheft' stamped every year saves you significant costs on future dental work.",Preventive screening interval,Dental,Age-based routine screening,2026-04-27 08:58:36,2026-04-27 08:58:36
preventive_screening_germany,age,22,,age,age|22|,5,context,1,"Your body is excellent at renewal, but sometimes small changes happen unnoticed. This routine cell-check ensures any shifts are caught early when they are incredibly easy to manage.",Preventive screening interval,Pap Smear,Age-based routine screening,2026-04-27 08:58:36,2026-04-27 08:58:36
preventive_screening_germany,age,22,,age,age|22|,5,context,1,A gentle physical check to ensure everything is functioning as it should. It’s the best way to detect any structural changes or infections before they cause discomfort.,Preventive screening interval,Genital Exam,Age-based routine screening,2026-04-27 08:58:36,2026-04-27 08:58:36
preventive_screening_germany,age,22,,age,age|22|,5,context,1,"At age 22, German statutory health insurance covers the Chlamydia as a routine preventive measure.",Preventive screening interval,Chlamydia,Age-based routine screening,2026-04-27 08:58:36,2026-04-27 08:58:36
preventive_screening_germany,age,22,,age,age|22|,5,context,1,"Beyond a bright smile, regular checks prevent inflammation that can affect your whole body. Plus, keeping your 'Bonusheft' stamped every year saves you significant costs on future dental work.",Preventive screening interval,Dental,Age-based routine screening,2026-04-27 08:58:36,2026-04-27 08:58:36
preventive_screening_germany,age,23,,age,age|23|,5,context,1,"Your body is excellent at renewal, but sometimes small changes happen unnoticed. This routine cell-check ensures any shifts are caught early when they are incredibly easy to manage.",Preventive screening interval,Pap Smear,Age-based routine screening,2026-04-27 08:58:36,2026-04-27 08:58:36
preventive_screening_germany,age,23,,age,age|23|,5,context,1,A gentle physical check to ensure everything is functioning as it should. It’s the best way to detect any structural changes or infections before they cause discomfort.,Preventive screening interval,Genital Exam,Age-based routine screening,2026-04-27 08:58:36,2026-04-27 08:58:36
preventive_screening_germany,age,23,,age,age|23|,5,context,1,"At age 23, German statutory health insurance covers the Chlamydia as a routine preventive measure.",Preventive screening interval,Chlamydia,Age-based routine screening,2026-04-27 08:58:36,2026-04-27 08:58:36
preventive_screening_germany,age,23,,age,age|23|,5,context,1,"Beyond a bright smile, regular checks prevent inflammation that can affect your whole body. Plus, keeping your 'Bonusheft' stamped every year saves you significant costs on future dental work.",Preventive screening interval,Dental,Age-based routine screening,2026-04-27 08:58:36,2026-04-27 08:58:36
preventive_screening_germany,age,24,,age,age|24|,5,context,1,"Your body is excellent at renewal, but sometimes small changes happen unnoticed. This routine cell-check ensures any shifts are caught early when they are incredibly easy to manage.",Preventive screening interval,Pap Smear,Age-based routine screening,2026-04-27 08:58:36,2026-04-27 08:58:36
preventive_screening_germany,age,24,,age,age|24|,5,context,1,A gentle physical check to ensure everything is functioning as it should. It’s the best way to detect any structural changes or infections before they cause discomfort.,Preventive screening interval,Genital Exam,Age-based routine screening,2026-04-27 08:58:36,2026-04-27 08:58:36
preventive_screening_germany,age,24,,age,age|24|,5,context,1,"At age 24, German statutory health insurance covers the Chlamydia as a routine preventive measure.",Preventive screening interval,Chlamydia,Age-based routine screening,2026-04-27 08:58:36,2026-04-27 08:58:36
preventive_screening_germany,age,24,,age,age|24|,5,context,1,"Beyond a bright smile, regular checks prevent inflammation that can affect your whole body. Plus, keeping your 'Bonusheft' stamped every year saves you significant costs on future dental work.",Preventive screening interval,Dental,Age-based routine screening,2026-04-27 08:58:36,2026-04-27 08:58:36
preventive_screening_germany,age,25,,age,age|25|,5,context,1,"Your body is excellent at renewal, but sometimes small changes happen unnoticed. This routine cell-check ensures any shifts are caught early when they are incredibly easy to manage.",Preventive screening interval,Pap Smear,Age-based routine screening,2026-04-27 08:58:36,2026-04-27 08:58:36
preventive_screening_germany,age,25,,age,age|25|,5,context,1,A gentle physical check to ensure everything is functioning as it should. It’s the best way to detect any structural changes or infections before they cause discomfort.,Preventive screening interval,Genital Exam,Age-based routine screening,2026-04-27 08:58:36,2026-04-27 08:58:36
preventive_screening_germany,age,25,,age,age|25|,5,context,1,"Beyond a bright smile, regular checks prevent inflammation that can affect your whole body. Plus, keeping your 'Bonusheft' stamped every year saves you significant costs on future dental work.",Preventive screening interval,Dental,Age-based routine screening,2026-04-27 08:58:36,2026-04-27 08:58:36
preventive_screening_germany,family_history,BRCA1/2 Mutation,,family_history,family_history|BRCA1/2 Mutation|,9,driver,1,"Due to your family history of BRCA1/2 Mutation, guidelines recommend intensified or earlier screening with Annual Breast MRI/US (High Risk).",Risk-adjusted screening protocol,Annual Breast MRI/US (High Risk),Family history significantly increases risk,2026-04-27 08:58:36,2026-04-27 08:58:36
preventive_screening_germany,age,26,,age,age|26|,5,context,1,"Your body is excellent at renewal, but sometimes small changes happen unnoticed. This routine cell-check ensures any shifts are caught early when they are incredibly easy to manage.",Preventive screening interval,Pap Smear,Age-based routine screening,2026-04-27 08:58:36,2026-04-27 08:58:36
preventive_screening_germany,age,26,,age,age|26|,5,context,1,A gentle physical check to ensure everything is functioning as it should. It’s the best way to detect any structural changes or infections before they cause discomfort.,Preventive screening interval,Genital Exam,Age-based routine screening,2026-04-27 08:58:36,2026-04-27 08:58:36
preventive_screening_germany,age,26,,age,age|26|,5,context,1,"Beyond a bright smile, regular checks prevent inflammation that can affect your whole body. Plus, keeping your 'Bonusheft' stamped every year saves you significant costs on future dental work.",Preventive screening interval,Dental,Age-based routine screening,2026-04-27 08:58:36,2026-04-27 08:58:36
preventive_screening_germany,age,27,,age,age|27|,5,context,1,"Your body is excellent at renewal, but sometimes small changes happen unnoticed. This routine cell-check ensures any shifts are caught early when they are incredibly easy to manage.",Preventive screening interval,Pap Smear,Age-based routine screening,2026-04-27 08:58:36,2026-04-27 08:58:36
preventive_screening_germany,age,27,,age,age|27|,5,context,1,A gentle physical check to ensure everything is functioning as it should. It’s the best way to detect any structural changes or infections before they cause discomfort.,Preventive screening interval,Genital Exam,Age-based routine screening,2026-04-27 08:58:36,2026-04-27 08:58:36
preventive_screening_germany,age,27,,age,age|27|,5,context,1,"Beyond a bright smile, regular checks prevent inflammation that can affect your whole body. Plus, keeping your 'Bonusheft' stamped every year saves you significant costs on future dental work.",Preventive screening interval,Dental,Age-based routine screening,2026-04-27 08:58:36,2026-04-27 08:58:36
preventive_screening_germany,age,28,,age,age|28|,5,context,1,"Your body is excellent at renewal, but sometimes small changes happen unnoticed. This routine cell-check ensures any shifts are caught early when they are incredibly easy to manage.",Preventive screening interval,Pap Smear,Age-based routine screening,2026-04-27 08:58:36,2026-04-27 08:58:36
preventive_screening_germany,age,28,,age,age|28|,5,context,1,A gentle physical check to ensure everything is functioning as it should. It’s the best way to detect any structural changes or infections before they cause discomfort.,Preventive screening interval,Genital Exam,Age-based routine screening,2026-04-27 08:58:36,2026-04-27 08:58:36
preventive_screening_germany,age,28,,age,age|28|,5,context,1,"Beyond a bright smile, regular checks prevent inflammation that can affect your whole body. Plus, keeping your 'Bonusheft' stamped every year saves you significant costs on future dental work.",Preventive screening interval,Dental,Age-based routine screening,2026-04-27 08:58:36,2026-04-27 08:58:36
preventive_screening_germany,age,29,,age,age|29|,5,context,1,"Your body is excellent at renewal, but sometimes small changes happen unnoticed. This routine cell-check ensures any shifts are caught early when they are incredibly easy to manage.",Preventive screening interval,Pap Smear,Age-based routine screening,2026-04-27 08:58:36,2026-04-27 08:58:36
preventive_screening_germany,age,29,,age,age|29|,5,context,1,A gentle physical check to ensure everything is functioning as it should. It’s the best way to detect any structural changes or infections before they cause discomfort.,Preventive screening interval,Genital Exam,Age-based routine screening,2026-04-27 08:58:36,2026-04-27 08:58:36
preventive_screening_germany,age,29,,age,age|29|,5,context,1,"Beyond a bright smile, regular checks prevent inflammation that can affect your whole body. Plus, keeping your 'Bonusheft' stamped every year saves you significant costs on future dental work.",Preventive screening interval,Dental,Age-based routine screening,2026-04-27 08:58:36,2026-04-27 08:58:36
preventive_screening_germany,age,30,,age,age|30|,5,context,1,"At age 30, German statutory health insurance covers the Pap as a routine preventive measure.",Preventive screening interval,Pap,Age-based routine screening,2026-04-27 08:58:36,2026-04-27 08:58:36
preventive_screening_germany,age,30,,age,age|30|,5,context,1,"Starting at 30, your doctor helps you stay familiar with your body. Feeling for changes is a simple, proactive way to ensure your breast health is monitored between scans.",Preventive screening interval,Breast Palpation,Age-based routine screening,2026-04-27 08:58:36,2026-04-27 08:58:36
preventive_screening_germany,age,30,,age,age|30|,5,context,1,"Beyond a bright smile, regular checks prevent inflammation that can affect your whole body. Plus, keeping your 'Bonusheft' stamped every year saves you significant costs on future dental work.",Preventive screening interval,Dental,Age-based routine screening,2026-04-27 08:58:36,2026-04-27 08:58:36
preventive_screening_germany,family_history,1st-deg relative Breast Cancer,,family_history,family_history|1st-deg relative Breast Cancer|,9,driver,1,"Due to your family history of 1st-deg relative Breast Cancer, guidelines recommend intensified or earlier screening with Breast Ultrasound.",Risk-adjusted screening protocol,Breast Ultrasound,Family history significantly increases risk,2026-04-27 08:58:36,2026-04-27 08:58:36
preventive_screening_germany,age,31,,age,age|31|,5,context,1,"At age 31, German statutory health insurance covers the Pap as a routine preventive measure.",Preventive screening interval,Pap,Age-based routine screening,2026-04-27 08:58:36,2026-04-27 08:58:36
preventive_screening_germany,age,31,,age,age|31|,5,context,1,"Starting at 30, your doctor helps you stay familiar with your body. Feeling for changes is a simple, proactive way to ensure your breast health is monitored between scans.",Preventive screening interval,Breast Palpation,Age-based routine screening,2026-04-27 08:58:36,2026-04-27 08:58:36
preventive_screening_germany,age,31,,age,age|31|,5,context,1,"Beyond a bright smile, regular checks prevent inflammation that can affect your whole body. Plus, keeping your 'Bonusheft' stamped every year saves you significant costs on future dental work.",Preventive screening interval,Dental,Age-based routine screening,2026-04-27 08:58:36,2026-04-27 08:58:36
preventive_screening_germany,age,32,,age,age|32|,5,context,1,"At age 32, German statutory health insurance covers the Pap as a routine preventive measure.",Preventive screening interval,Pap,Age-based routine screening,2026-04-27 08:58:36,2026-04-27 08:58:36
preventive_screening_germany,age,32,,age,age|32|,5,context,1,"Starting at 30, your doctor helps you stay familiar with your body. Feeling for changes is a simple, proactive way to ensure your breast health is monitored between scans.",Preventive screening interval,Breast Palpation,Age-based routine screening,2026-04-27 08:58:36,2026-04-27 08:58:36
preventive_screening_germany,age,32,,age,age|32|,5,context,1,"Beyond a bright smile, regular checks prevent inflammation that can affect your whole body. Plus, keeping your 'Bonusheft' stamped every year saves you significant costs on future dental work.",Preventive screening interval,Dental,Age-based routine screening,2026-04-27 08:58:36,2026-04-27 08:58:36
preventive_screening_germany,age,33,,age,age|33|,5,context,1,"At age 33, German statutory health insurance covers the Pap as a routine preventive measure.",Preventive screening interval,Pap,Age-based routine screening,2026-04-27 08:58:36,2026-04-27 08:58:36
preventive_screening_germany,age,33,,age,age|33|,5,context,1,"Starting at 30, your doctor helps you stay familiar with your body. Feeling for changes is a simple, proactive way to ensure your breast health is monitored between scans.",Preventive screening interval,Breast Palpation,Age-based routine screening,2026-04-27 08:58:36,2026-04-27 08:58:36
preventive_screening_germany,age,33,,age,age|33|,5,context,1,"Beyond a bright smile, regular checks prevent inflammation that can affect your whole body. Plus, keeping your 'Bonusheft' stamped every year saves you significant costs on future dental work.",Preventive screening interval,Dental,Age-based routine screening,2026-04-27 08:58:36,2026-04-27 08:58:36
preventive_screening_germany,age,34,,age,age|34|,5,context,1,"At age 34, German statutory health insurance covers the Pap as a routine preventive measure.",Preventive screening interval,Pap,Age-based routine screening,2026-04-27 08:58:36,2026-04-27 08:58:36
preventive_screening_germany,age,34,,age,age|34|,5,context,1,"Starting at 30, your doctor helps you stay familiar with your body. Feeling for changes is a simple, proactive way to ensure your breast health is monitored between scans.",Preventive screening interval,Breast Palpation,Age-based routine screening,2026-04-27 08:58:36,2026-04-27 08:58:36
preventive_screening_germany,age,34,,age,age|34|,5,context,1,"Beyond a bright smile, regular checks prevent inflammation that can affect your whole body. Plus, keeping your 'Bonusheft' stamped every year saves you significant costs on future dental work.",Preventive screening interval,Dental,Age-based routine screening,2026-04-27 08:58:36,2026-04-27 08:58:36
preventive_screening_germany,age,35,,age,age|35|,5,context,1,"Our skin 'remembers' every sunlit day. This head-to-toe check-up gives you the confidence that your beauty marks and moles are healthy, especially if you have a family history of light skin.",Preventive screening interval,Skin Check,Age-based routine screening,2026-04-27 08:58:36,2026-04-27 08:58:36
preventive_screening_germany,age,35,,age,age|35|,5,context,1,"From age 35, we add an HPV test to your routine Pap smear. It’s the highest level of protection available, giving you dual-layered certainty about your cervical health.",Preventive screening interval,HPV+Pap,Age-based routine screening,2026-04-27 08:58:36,2026-04-27 08:58:36
preventive_screening_germany,age,35,,age,age|35|,5,context,1,This is your regular 'health baseline' check. It’s a moment for you and your doctor to look at the big picture—like blood pressure and heart health—to keep you feeling your best as you age.,Preventive screening interval,Physical,Age-based routine screening,2026-04-27 08:58:36,2026-04-27 08:58:36
preventive_screening_germany,age,35,,age,age|35|,5,context,1,"At age 35, German statutory health insurance covers the Palpation as a routine preventive measure.",Preventive screening interval,Palpation,Age-based routine screening,2026-04-27 08:58:36,2026-04-27 08:58:36
preventive_screening_germany,family_history,Melanoma history,,family_history,family_history|Melanoma history|,9,driver,1,"Due to your family history of Melanoma history, guidelines recommend intensified or earlier screening with Annual Skin Check.",Risk-adjusted screening protocol,Annual Skin Check,Family history significantly increases risk,2026-04-27 08:58:36,2026-04-27 08:58:36
preventive_screening_germany,age,36,,age,age|36|,5,context,1,"Starting at 30, your doctor helps you stay familiar with your body. Feeling for changes is a simple, proactive way to ensure your breast health is monitored between scans.",Preventive screening interval,Breast Palpation,Age-based routine screening,2026-04-27 08:58:36,2026-04-27 08:58:36
preventive_screening_germany,age,36,,age,age|36|,5,context,1,"Beyond a bright smile, regular checks prevent inflammation that can affect your whole body. Plus, keeping your 'Bonusheft' stamped every year saves you significant costs on future dental work.",Preventive screening interval,Dental,Age-based routine screening,2026-04-27 08:58:36,2026-04-27 08:58:36
preventive_screening_germany,age,37,,age,age|37|,5,context,1,"Our skin 'remembers' every sunlit day. This head-to-toe check-up gives you the confidence that your beauty marks and moles are healthy, especially if you have a family history of light skin.",Preventive screening interval,Skin Check,Age-based routine screening,2026-04-27 08:58:36,2026-04-27 08:58:36
preventive_screening_germany,age,37,,age,age|37|,5,context,1,"At age 37, German statutory health insurance covers the Palpation as a routine preventive measure.",Preventive screening interval,Palpation,Age-based routine screening,2026-04-27 08:58:36,2026-04-27 08:58:36
preventive_screening_germany,age,37,,age,age|37|,5,context,1,"Beyond a bright smile, regular checks prevent inflammation that can affect your whole body. Plus, keeping your 'Bonusheft' stamped every year saves you significant costs on future dental work.",Preventive screening interval,Dental,Age-based routine screening,2026-04-27 08:58:36,2026-04-27 08:58:36
preventive_screening_germany,age,38,,age,age|38|,5,context,1,"From age 35, we add an HPV test to your routine Pap smear. It’s the highest level of protection available, giving you dual-layered certainty about your cervical health.",Preventive screening interval,HPV+Pap,Age-based routine screening,2026-04-27 08:58:36,2026-04-27 08:58:36
preventive_screening_germany,age,38,,age,age|38|,5,context,1,"At age 38, German statutory health insurance covers the Palpation as a routine preventive measure.",Preventive screening interval,Palpation,Age-based routine screening,2026-04-27 08:58:36,2026-04-27 08:58:36
preventive_screening_germany,age,38,,age,age|38|,5,context,1,This is your regular 'health baseline' check. It’s a moment for you and your doctor to look at the big picture—like blood pressure and heart health—to keep you feeling your best as you age.,Preventive screening interval,Physical,Age-based routine screening,2026-04-27 08:58:36,2026-04-27 08:58:36
preventive_screening_germany,age,38,,age,age|38|,5,context,1,"Beyond a bright smile, regular checks prevent inflammation that can affect your whole body. Plus, keeping your 'Bonusheft' stamped every year saves you significant costs on future dental work.",Preventive screening interval,Dental,Age-based routine screening,2026-04-27 08:58:36,2026-04-27 08:58:36
preventive_screening_germany,age,39,,age,age|39|,5,context,1,"Our skin 'remembers' every sunlit day. This head-to-toe check-up gives you the confidence that your beauty marks and moles are healthy, especially if you have a family history of light skin.",Preventive screening interval,Skin Check,Age-based routine screening,2026-04-27 08:58:36,2026-04-27 08:58:36
preventive_screening_germany,age,39,,age,age|39|,5,context,1,"At age 39, German statutory health insurance covers the Palpation as a routine preventive measure.",Preventive screening interval,Palpation,Age-based routine screening,2026-04-27 08:58:36,2026-04-27 08:58:36
preventive_screening_germany,age,39,,age,age|39|,5,context,1,"Beyond a bright smile, regular checks prevent inflammation that can affect your whole body. Plus, keeping your 'Bonusheft' stamped every year saves you significant costs on future dental work.",Preventive screening interval,Dental,Age-based routine screening,2026-04-27 08:58:36,2026-04-27 08:58:36
preventive_screening_germany,age,40,,age,age|40|,5,context,1,"Starting at 30, your doctor helps you stay familiar with your body. Feeling for changes is a simple, proactive way to ensure your breast health is monitored between scans.",Preventive screening interval,Breast Palpation,Age-based routine screening,2026-04-27 08:58:36,2026-04-27 08:58:36
preventive_screening_germany,age,40,,age,age|40|,5,context,1,"Beyond a bright smile, regular checks prevent inflammation that can affect your whole body. Plus, keeping your 'Bonusheft' stamped every year saves you significant costs on future dental work.",Preventive screening interval,Dental,Age-based routine screening,2026-04-27 08:58:36,2026-04-27 08:58:36
preventive_screening_germany,family_history,1st-deg relative Colon Cancer,,family_history,family_history|1st-deg relative Colon Cancer|,9,driver,1,"Due to your family history of 1st-deg relative Colon Cancer, guidelines recommend intensified or earlier screening with Start Colonoscopy 10y prior.",Risk-adjusted screening protocol,Start Colonoscopy 10y prior,Family history significantly increases risk,2026-04-27 08:58:36,2026-04-27 08:58:36
preventive_screening_germany,age,41,,age,age|41|,5,context,1,"Our skin 'remembers' every sunlit day. This head-to-toe check-up gives you the confidence that your beauty marks and moles are healthy, especially if you have a family history of light skin.",Preventive screening interval,Skin Check,Age-based routine screening,2026-04-27 08:58:36,2026-04-27 08:58:36
preventive_screening_germany,age,41,,age,age|41|,5,context,1,"From age 35, we add an HPV test to your routine Pap smear. It’s the highest level of protection available, giving you dual-layered certainty about your cervical health.",Preventive screening interval,HPV+Pap,Age-based routine screening,2026-04-27 08:58:36,2026-04-27 08:58:36
preventive_screening_germany,age,41,,age,age|41|,5,context,1,"At age 41, German statutory health insurance covers the Palpation as a routine preventive measure.",Preventive screening interval,Palpation,Age-based routine screening,2026-04-27 08:58:36,2026-04-27 08:58:36
preventive_screening_germany,age,41,,age,age|41|,5,context,1,This is your regular 'health baseline' check. It’s a moment for you and your doctor to look at the big picture—like blood pressure and heart health—to keep you feeling your best as you age.,Preventive screening interval,Physical,Age-based routine screening,2026-04-27 08:58:36,2026-04-27 08:58:36
preventive_screening_germany,age,42,,age,age|42|,5,context,1,"Starting at 30, your doctor helps you stay familiar with your body. Feeling for changes is a simple, proactive way to ensure your breast health is monitored between scans.",Preventive screening interval,Breast Palpation,Age-based routine screening,2026-04-27 08:58:36,2026-04-27 08:58:36
preventive_screening_germany,age,42,,age,age|42|,5,context,1,"Beyond a bright smile, regular checks prevent inflammation that can affect your whole body. Plus, keeping your 'Bonusheft' stamped every year saves you significant costs on future dental work.",Preventive screening interval,Dental,Age-based routine screening,2026-04-27 08:58:36,2026-04-27 08:58:36
preventive_screening_germany,age,43,,age,age|43|,5,context,1,"Our skin 'remembers' every sunlit day. This head-to-toe check-up gives you the confidence that your beauty marks and moles are healthy, especially if you have a family history of light skin.",Preventive screening interval,Skin Check,Age-based routine screening,2026-04-27 08:58:36,2026-04-27 08:58:36
preventive_screening_germany,age,43,,age,age|43|,5,context,1,"At age 43, German statutory health insurance covers the Palpation as a routine preventive measure.",Preventive screening interval,Palpation,Age-based routine screening,2026-04-27 08:58:36,2026-04-27 08:58:36
preventive_screening_germany,age,43,,age,age|43|,5,context,1,"Beyond a bright smile, regular checks prevent inflammation that can affect your whole body. Plus, keeping your 'Bonusheft' stamped every year saves you significant costs on future dental work.",Preventive screening interval,Dental,Age-based routine screening,2026-04-27 08:58:36,2026-04-27 08:58:36
preventive_screening_germany,age,44,,age,age|44|,5,context,1,"From age 35, we add an HPV test to your routine Pap smear. It’s the highest level of protection available, giving you dual-layered certainty about your cervical health.",Preventive screening interval,HPV+Pap,Age-based routine screening,2026-04-27 08:58:36,2026-04-27 08:58:36
preventive_screening_germany,age,44,,age,age|44|,5,context,1,"At age 44, German statutory health insurance covers the Palpation as a routine preventive measure.",Preventive screening interval,Palpation,Age-based routine screening,2026-04-27 08:58:36,2026-04-27 08:58:36
preventive_screening_germany,age,44,,age,age|44|,5,context,1,This is your regular 'health baseline' check. It’s a moment for you and your doctor to look at the big picture—like blood pressure and heart health—to keep you feeling your best as you age.,Preventive screening interval,Physical,Age-based routine screening,2026-04-27 08:58:36,2026-04-27 08:58:36
preventive_screening_germany,age,44,,age,age|44|,5,context,1,"Beyond a bright smile, regular checks prevent inflammation that can affect your whole body. Plus, keeping your 'Bonusheft' stamped every year saves you significant costs on future dental work.",Preventive screening interval,Dental,Age-based routine screening,2026-04-27 08:58:36,2026-04-27 08:58:36
preventive_screening_germany,age,45,,age,age|45|,5,context,1,"Our skin 'remembers' every sunlit day. This head-to-toe check-up gives you the confidence that your beauty marks and moles are healthy, especially if you have a family history of light skin.",Preventive screening interval,Skin Check,Age-based routine screening,2026-04-27 08:58:36,2026-04-27 08:58:36
preventive_screening_germany,age,45,,age,age|45|,5,context,1,"At age 45, German statutory health insurance covers the Palpation as a routine preventive measure.",Preventive screening interval,Palpation,Age-based routine screening,2026-04-27 08:58:36,2026-04-27 08:58:36
preventive_screening_germany,age,45,,age,age|45|,5,context,1,"Beyond a bright smile, regular checks prevent inflammation that can affect your whole body. Plus, keeping your 'Bonusheft' stamped every year saves you significant costs on future dental work.",Preventive screening interval,Dental,Age-based routine screening,2026-04-27 08:58:36,2026-04-27 08:58:36
preventive_screening_germany,age,46,,age,age|46|,5,context,1,"Starting at 30, your doctor helps you stay familiar with your body. Feeling for changes is a simple, proactive way to ensure your breast health is monitored between scans.",Preventive screening interval,Breast Palpation,Age-based routine screening,2026-04-27 08:58:36,2026-04-27 08:58:36
preventive_screening_germany,age,46,,age,age|46|,5,context,1,"Beyond a bright smile, regular checks prevent inflammation that can affect your whole body. Plus, keeping your 'Bonusheft' stamped every year saves you significant costs on future dental work.",Preventive screening interval,Dental,Age-based routine screening,2026-04-27 08:58:36,2026-04-27 08:58:36
preventive_screening_germany,age,47,,age,age|47|,5,context,1,"Our skin 'remembers' every sunlit day. This head-to-toe check-up gives you the confidence that your beauty marks and moles are healthy, especially if you have a family history of light skin.",Preventive screening interval,Skin Check,Age-based routine screening,2026-04-27 08:58:36,2026-04-27 08:58:36
preventive_screening_germany,age,47,,age,age|47|,5,context,1,"From age 35, we add an HPV test to your routine Pap smear. It’s the highest level of protection available, giving you dual-layered certainty about your cervical health.",Preventive screening interval,HPV+Pap,Age-based routine screening,2026-04-27 08:58:36,2026-04-27 08:58:36
preventive_screening_germany,age,47,,age,age|47|,5,context,1,"At age 47, German statutory health insurance covers the Palpation as a routine preventive measure.",Preventive screening interval,Palpation,Age-based routine screening,2026-04-27 08:58:36,2026-04-27 08:58:36
preventive_screening_germany,age,47,,age,age|47|,5,context,1,This is your regular 'health baseline' check. It’s a moment for you and your doctor to look at the big picture—like blood pressure and heart health—to keep you feeling your best as you age.,Preventive screening interval,Physical,Age-based routine screening,2026-04-27 08:58:36,2026-04-27 08:58:36
preventive_screening_germany,age,48,,age,age|48|,5,context,1,"Starting at 30, your doctor helps you stay familiar with your body. Feeling for changes is a simple, proactive way to ensure your breast health is monitored between scans.",Preventive screening interval,Breast Palpation,Age-based routine screening,2026-04-27 08:58:36,2026-04-27 08:58:36
preventive_screening_germany,age,48,,age,age|48|,5,context,1,"Beyond a bright smile, regular checks prevent inflammation that can affect your whole body. Plus, keeping your 'Bonusheft' stamped every year saves you significant costs on future dental work.",Preventive screening interval,Dental,Age-based routine screening,2026-04-27 08:58:36,2026-04-27 08:58:36
preventive_screening_germany,age,49,,age,age|49|,5,context,1,"Our skin 'remembers' every sunlit day. This head-to-toe check-up gives you the confidence that your beauty marks and moles are healthy, especially if you have a family history of light skin.",Preventive screening interval,Skin Check,Age-based routine screening,2026-04-27 08:58:36,2026-04-27 08:58:36
preventive_screening_germany,age,49,,age,age|49|,5,context,1,"At age 49, German statutory health insurance covers the Palpation as a routine preventive measure.",Preventive screening interval,Palpation,Age-based routine screening,2026-04-27 08:58:36,2026-04-27 08:58:36
preventive_screening_germany,age,49,,age,age|49|,5,context,1,"Beyond a bright smile, regular checks prevent inflammation that can affect your whole body. Plus, keeping your 'Bonusheft' stamped every year saves you significant costs on future dental work.",Preventive screening interval,Dental,Age-based routine screening,2026-04-27 08:58:36,2026-04-27 08:58:36
preventive_screening_germany,age,50,,age,age|50|,5,context,1,"As tissue changes with age, X-rays are the most reliable way to see 'under the surface.' Every two years, this routine scan catches tiny hidden spots long before they can be felt.",Preventive screening interval,Mammography,Age-based routine screening,2026-04-27 08:58:36,2026-04-27 08:58:36
preventive_screening_germany,age,50,,age,age|50|,5,context,1,"A simple, non-invasive check for your colon health. It looks for tiny invisible signs of blood, which is the best early warning system starting at age 50.",Preventive screening interval,Stool Test,Age-based routine screening,2026-04-27 08:58:36,2026-04-27 08:58:36
preventive_screening_germany,age,50,,age,age|50|,5,context,1,"From age 35, we add an HPV test to your routine Pap smear. It’s the highest level of protection available, giving you dual-layered certainty about your cervical health.",Preventive screening interval,HPV+Pap,Age-based routine screening,2026-04-27 08:58:36,2026-04-27 08:58:36
preventive_screening_germany,age,50,,age,age|50|,5,context,1,"At age 50, German statutory health insurance covers the Phys. as a routine preventive measure.",Preventive screening interval,Phys.,Age-based routine screening,2026-04-27 08:58:36,2026-04-27 08:58:36
preventive_screening_germany,family_history,Colon Polyps history,,family_history,family_history|Colon Polyps history|,9,driver,1,"Due to your family history of Colon Polyps history, guidelines recommend intensified or earlier screening with Yearly Colonoscopy.",Risk-adjusted screening protocol,Yearly Colonoscopy,Family history significantly increases risk,2026-04-27 08:58:36,2026-04-27 08:58:36
preventive_screening_germany,age,51,,age,age|51|,5,context,1,"A simple, non-invasive check for your colon health. It looks for tiny invisible signs of blood, which is the best early warning system starting at age 50.",Preventive screening interval,Stool Test,Age-based routine screening,2026-04-27 08:58:36,2026-04-27 08:58:36
preventive_screening_germany,age,51,,age,age|51|,5,context,1,"At age 51, German statutory health insurance covers the Palpation as a routine preventive measure.",Preventive screening interval,Palpation,Age-based routine screening,2026-04-27 08:58:36,2026-04-27 08:58:36
preventive_screening_germany,age,51,,age,age|51|,5,context,1,"Our skin 'remembers' every sunlit day. This head-to-toe check-up gives you the confidence that your beauty marks and moles are healthy, especially if you have a family history of light skin.",Preventive screening interval,Skin Check,Age-based routine screening,2026-04-27 08:58:36,2026-04-27 08:58:36
preventive_screening_germany,age,52,,age,age|52|,5,context,1,"As tissue changes with age, X-rays are the most reliable way to see 'under the surface.' Every two years, this routine scan catches tiny hidden spots long before they can be felt.",Preventive screening interval,Mammography,Age-based routine screening,2026-04-27 08:58:36,2026-04-27 08:58:36
preventive_screening_germany,age,52,,age,age|52|,5,context,1,"A simple, non-invasive check for your colon health. It looks for tiny invisible signs of blood, which is the best early warning system starting at age 50.",Preventive screening interval,Stool Test,Age-based routine screening,2026-04-27 08:58:36,2026-04-27 08:58:36
preventive_screening_germany,age,52,,age,age|52|,5,context,1,"At age 52, German statutory health insurance covers the Palpation as a routine preventive measure.",Preventive screening interval,Palpation,Age-based routine screening,2026-04-27 08:58:36,2026-04-27 08:58:36
preventive_screening_germany,age,53,,age,age|53|,5,context,1,"A simple, non-invasive check for your colon health. It looks for tiny invisible signs of blood, which is the best early warning system starting at age 50.",Preventive screening interval,Stool Test,Age-based routine screening,2026-04-27 08:58:36,2026-04-27 08:58:36
preventive_screening_germany,age,53,,age,age|53|,5,context,1,"Our skin 'remembers' every sunlit day. This head-to-toe check-up gives you the confidence that your beauty marks and moles are healthy, especially if you have a family history of light skin.",Preventive screening interval,Skin Check,Age-based routine screening,2026-04-27 08:58:36,2026-04-27 08:58:36
preventive_screening_germany,age,53,,age,age|53|,5,context,1,"From age 35, we add an HPV test to your routine Pap smear. It’s the highest level of protection available, giving you dual-layered certainty about your cervical health.",Preventive screening interval,HPV+Pap,Age-based routine screening,2026-04-27 08:58:36,2026-04-27 08:58:36
preventive_screening_germany,age,53,,age,age|53|,5,context,1,"At age 53, German statutory health insurance covers the Phys. as a routine preventive measure.",Preventive screening interval,Phys.,Age-based routine screening,2026-04-27 08:58:36,2026-04-27 08:58:36
preventive_screening_germany,age,54,,age,age|54|,5,context,1,"As tissue changes with age, X-rays are the most reliable way to see 'under the surface.' Every two years, this routine scan catches tiny hidden spots long before they can be felt.",Preventive screening interval,Mammography,Age-based routine screening,2026-04-27 08:58:36,2026-04-27 08:58:36
preventive_screening_germany,age,54,,age,age|54|,5,context,1,"A simple, non-invasive check for your colon health. It looks for tiny invisible signs of blood, which is the best early warning system starting at age 50.",Preventive screening interval,Stool Test,Age-based routine screening,2026-04-27 08:58:36,2026-04-27 08:58:36
preventive_screening_germany,age,54,,age,age|54|,5,context,1,"At age 54, German statutory health insurance covers the Palpation as a routine preventive measure.",Preventive screening interval,Palpation,Age-based routine screening,2026-04-27 08:58:36,2026-04-27 08:58:36
preventive_screening_germany,age,55,,age,age|55|,5,context,1,This is the 'gold standard' for prevention. It doesn't just find problems—it can actually prevent cancer by removing tiny polyps during the exam. One check every 10 years is usually all it takes.,Preventive screening interval,Colonoscopy,Age-based routine screening,2026-04-27 08:58:36,2026-04-27 08:58:36
preventive_screening_germany,age,55,,age,age|55|,5,context,1,"Our skin 'remembers' every sunlit day. This head-to-toe check-up gives you the confidence that your beauty marks and moles are healthy, especially if you have a family history of light skin.",Preventive screening interval,Skin Check,Age-based routine screening,2026-04-27 08:58:36,2026-04-27 08:58:36
preventive_screening_germany,age,55,,age,age|55|,5,context,1,"At age 55, German statutory health insurance covers the Palpation as a routine preventive measure.",Preventive screening interval,Palpation,Age-based routine screening,2026-04-27 08:58:36,2026-04-27 08:58:36
preventive_screening_germany,family_history,Chronic Bowel Disease,,family_history,family_history|Chronic Bowel Disease|,9,driver,1,"Due to your family history of Chronic Bowel Disease, guidelines recommend intensified or earlier screening with Biopsy.",Risk-adjusted screening protocol,Biopsy,Family history significantly increases risk,2026-04-27 08:58:36,2026-04-27 08:58:36
preventive_screening_germany,age,56,,age,age|56|,5,context,1,"As tissue changes with age, X-rays are the most reliable way to see 'under the surface.' Every two years, this routine scan catches tiny hidden spots long before they can be felt.",Preventive screening interval,Mammography,Age-based routine screening,2026-04-27 08:58:36,2026-04-27 08:58:36
preventive_screening_germany,age,56,,age,age|56|,5,context,1,"From age 35, we add an HPV test to your routine Pap smear. It’s the highest level of protection available, giving you dual-layered certainty about your cervical health.",Preventive screening interval,HPV+Pap,Age-based routine screening,2026-04-27 08:58:36,2026-04-27 08:58:36
preventive_screening_germany,age,56,,age,age|56|,5,context,1,"At age 56, German statutory health insurance covers the Phys. as a routine preventive measure.",Preventive screening interval,Phys.,Age-based routine screening,2026-04-27 08:58:36,2026-04-27 08:58:36
preventive_screening_germany,age,56,,age,age|56|,5,context,1,"Beyond a bright smile, regular checks prevent inflammation that can affect your whole body. Plus, keeping your 'Bonusheft' stamped every year saves you significant costs on future dental work.",Preventive screening interval,Dental,Age-based routine screening,2026-04-27 08:58:36,2026-04-27 08:58:36
preventive_screening_germany,age,57,,age,age|57|,5,context,1,"Our skin 'remembers' every sunlit day. This head-to-toe check-up gives you the confidence that your beauty marks and moles are healthy, especially if you have a family history of light skin.",Preventive screening interval,Skin Check,Age-based routine screening,2026-04-27 08:58:36,2026-04-27 08:58:36
preventive_screening_germany,age,57,,age,age|57|,5,context,1,"At age 57, German statutory health insurance covers the Palpation as a routine preventive measure.",Preventive screening interval,Palpation,Age-based routine screening,2026-04-27 08:58:36,2026-04-27 08:58:36
preventive_screening_germany,age,57,,age,age|57|,5,context,1,"Beyond a bright smile, regular checks prevent inflammation that can affect your whole body. Plus, keeping your 'Bonusheft' stamped every year saves you significant costs on future dental work.",Preventive screening interval,Dental,Age-based routine screening,2026-04-27 08:58:36,2026-04-27 08:58:36
preventive_screening_germany,age,58,,age,age|58|,5,context,1,"As tissue changes with age, X-rays are the most reliable way to see 'under the surface.' Every two years, this routine scan catches tiny hidden spots long before they can be felt.",Preventive screening interval,Mammography,Age-based routine screening,2026-04-27 08:58:36,2026-04-27 08:58:36
preventive_screening_germany,age,58,,age,age|58|,5,context,1,"At age 58, German statutory health insurance covers the Palpation as a routine preventive measure.",Preventive screening interval,Palpation,Age-based routine screening,2026-04-27 08:58:36,2026-04-27 08:58:36
preventive_screening_germany,age,58,,age,age|58|,5,context,1,"Beyond a bright smile, regular checks prevent inflammation that can affect your whole body. Plus, keeping your 'Bonusheft' stamped every year saves you significant costs on future dental work.",Preventive screening interval,Dental,Age-based routine screening,2026-04-27 08:58:36,2026-04-27 08:58:36
preventive_screening_germany,age,59,,age,age|59|,5,context,1,"Our skin 'remembers' every sunlit day. This head-to-toe check-up gives you the confidence that your beauty marks and moles are healthy, especially if you have a family history of light skin.",Preventive screening interval,Skin Check,Age-based routine screening,2026-04-27 08:58:36,2026-04-27 08:58:36
preventive_screening_germany,age,59,,age,age|59|,5,context,1,"From age 35, we add an HPV test to your routine Pap smear. It’s the highest level of protection available, giving you dual-layered certainty about your cervical health.",Preventive screening interval,HPV+Pap,Age-based routine screening,2026-04-27 08:58:36,2026-04-27 08:58:36
preventive_screening_germany,age,59,,age,age|59|,5,context,1,"At age 59, German statutory health insurance covers the Phys. as a routine preventive measure.",Preventive screening interval,Phys.,Age-based routine screening,2026-04-27 08:58:36,2026-04-27 08:58:36
preventive_screening_germany,age,59,,age,age|59|,5,context,1,"Beyond a bright smile, regular checks prevent inflammation that can affect your whole body. Plus, keeping your 'Bonusheft' stamped every year saves you significant costs on future dental work.",Preventive screening interval,Dental,Age-based routine screening,2026-04-27 08:58:36,2026-04-27 08:58:36
preventive_screening_germany,age,60,,age,age|60|,5,context,1,"As tissue changes with age, X-rays are the most reliable way to see 'under the surface.' Every two years, this routine scan catches tiny hidden spots long before they can be felt.",Preventive screening interval,Mammography,Age-based routine screening,2026-04-27 08:58:36,2026-04-27 08:58:36
preventive_screening_germany,age,60,,age,age|60|,5,context,1,"At age 60, German statutory health insurance covers the Palpation as a routine preventive measure.",Preventive screening interval,Palpation,Age-based routine screening,2026-04-27 08:58:36,2026-04-27 08:58:36
preventive_screening_germany,age,60,,age,age|60|,5,context,1,"Beyond a bright smile, regular checks prevent inflammation that can affect your whole body. Plus, keeping your 'Bonusheft' stamped every year saves you significant costs on future dental work.",Preventive screening interval,Dental,Age-based routine screening,2026-04-27 08:58:36,2026-04-27 08:58:36
preventive_screening_germany,age,61,,age,age|61|,5,context,1,"Our skin 'remembers' every sunlit day. This head-to-toe check-up gives you the confidence that your beauty marks and moles are healthy, especially if you have a family history of light skin.",Preventive screening interval,Skin Check,Age-based routine screening,2026-04-27 08:58:36,2026-04-27 08:58:36
preventive_screening_germany,age,61,,age,age|61|,5,context,1,"At age 61, German statutory health insurance covers the Palpation as a routine preventive measure.",Preventive screening interval,Palpation,Age-based routine screening,2026-04-27 08:58:36,2026-04-27 08:58:36
preventive_screening_germany,age,61,,age,age|61|,5,context,1,"Beyond a bright smile, regular checks prevent inflammation that can affect your whole body. Plus, keeping your 'Bonusheft' stamped every year saves you significant costs on future dental work.",Preventive screening interval,Dental,Age-based routine screening,2026-04-27 08:58:36,2026-04-27 08:58:36
preventive_screening_germany,age,62,,age,age|62|,5,context,1,"As tissue changes with age, X-rays are the most reliable way to see 'under the surface.' Every two years, this routine scan catches tiny hidden spots long before they can be felt.",Preventive screening interval,Mammography,Age-based routine screening,2026-04-27 08:58:36,2026-04-27 08:58:36
preventive_screening_germany,age,62,,age,age|62|,5,context,1,"From age 35, we add an HPV test to your routine Pap smear. It’s the highest level of protection available, giving you dual-layered certainty about your cervical health.",Preventive screening interval,HPV+Pap,Age-based routine screening,2026-04-27 08:58:36,2026-04-27 08:58:36
preventive_screening_germany,age,62,,age,age|62|,5,context,1,"At age 62, German statutory health insurance covers the Phys. as a routine preventive measure.",Preventive screening interval,Phys.,Age-based routine screening,2026-04-27 08:58:36,2026-04-27 08:58:36
preventive_screening_germany,age,62,,age,age|62|,5,context,1,"Beyond a bright smile, regular checks prevent inflammation that can affect your whole body. Plus, keeping your 'Bonusheft' stamped every year saves you significant costs on future dental work.",Preventive screening interval,Dental,Age-based routine screening,2026-04-27 08:58:36,2026-04-27 08:58:36
preventive_screening_germany,age,63,,age,age|63|,5,context,1,"Our skin 'remembers' every sunlit day. This head-to-toe check-up gives you the confidence that your beauty marks and moles are healthy, especially if you have a family history of light skin.",Preventive screening interval,Skin Check,Age-based routine screening,2026-04-27 08:58:36,2026-04-27 08:58:36
preventive_screening_germany,age,63,,age,age|63|,5,context,1,"At age 63, German statutory health insurance covers the Palpation as a routine preventive measure.",Preventive screening interval,Palpation,Age-based routine screening,2026-04-27 08:58:36,2026-04-27 08:58:36
preventive_screening_germany,age,63,,age,age|63|,5,context,1,"Beyond a bright smile, regular checks prevent inflammation that can affect your whole body. Plus, keeping your 'Bonusheft' stamped every year saves you significant costs on future dental work.",Preventive screening interval,Dental,Age-based routine screening,2026-04-27 08:58:36,2026-04-27 08:58:36
preventive_screening_germany,age,64,,age,age|64|,5,context,1,"As tissue changes with age, X-rays are the most reliable way to see 'under the surface.' Every two years, this routine scan catches tiny hidden spots long before they can be felt.",Preventive screening interval,Mammography,Age-based routine screening,2026-04-27 08:58:36,2026-04-27 08:58:36
preventive_screening_germany,age,64,,age,age|64|,5,context,1,"At age 64, German statutory health insurance covers the Palpation as a routine preventive measure.",Preventive screening interval,Palpation,Age-based routine screening,2026-04-27 08:58:36,2026-04-27 08:58:36
preventive_screening_germany,age,64,,age,age|64|,5,context,1,"Beyond a bright smile, regular checks prevent inflammation that can affect your whole body. Plus, keeping your 'Bonusheft' stamped every year saves you significant costs on future dental work.",Preventive screening interval,Dental,Age-based routine screening,2026-04-27 08:58:36,2026-04-27 08:58:36
preventive_screening_germany,age,65,,age,age|65|,5,context,1,"At age 65, German statutory health insurance covers the Colonoscopy (2nd) as a routine preventive measure.",Preventive screening interval,Colonoscopy (2nd),Age-based routine screening,2026-04-27 08:58:36,2026-04-27 08:58:36
preventive_screening_germany,age,65,,age,age|65|,5,context,1,"Our skin 'remembers' every sunlit day. This head-to-toe check-up gives you the confidence that your beauty marks and moles are healthy, especially if you have a family history of light skin.",Preventive screening interval,Skin Check,Age-based routine screening,2026-04-27 08:58:36,2026-04-27 08:58:36
preventive_screening_germany,age,65,,age,age|65|,5,context,1,"From age 35, we add an HPV test to your routine Pap smear. It’s the highest level of protection available, giving you dual-layered certainty about your cervical health.",Preventive screening interval,HPV+Pap,Age-based routine screening,2026-04-27 08:58:36,2026-04-27 08:58:36
preventive_screening_germany,age,65,,age,age|65|,5,context,1,"At age 65, German statutory health insurance covers the Phys. as a routine preventive measure.",Preventive screening interval,Phys.,Age-based routine screening,2026-04-27 08:58:36,2026-04-27 08:58:36
preventive_screening_germany,age,66,,age,age|66|,5,context,1,"As tissue changes with age, X-rays are the most reliable way to see 'under the surface.' Every two years, this routine scan catches tiny hidden spots long before they can be felt.",Preventive screening interval,Mammography,Age-based routine screening,2026-04-27 08:58:36,2026-04-27 08:58:36
preventive_screening_germany,age,66,,age,age|66|,5,context,1,"At age 66, German statutory health insurance covers the Palpation as a routine preventive measure.",Preventive screening interval,Palpation,Age-based routine screening,2026-04-27 08:58:36,2026-04-27 08:58:36
preventive_screening_germany,age,66,,age,age|66|,5,context,1,"Beyond a bright smile, regular checks prevent inflammation that can affect your whole body. Plus, keeping your 'Bonusheft' stamped every year saves you significant costs on future dental work.",Preventive screening interval,Dental,Age-based routine screening,2026-04-27 08:58:36,2026-04-27 08:58:36
preventive_screening_germany,age,67,,age,age|67|,5,context,1,"Our skin 'remembers' every sunlit day. This head-to-toe check-up gives you the confidence that your beauty marks and moles are healthy, especially if you have a family history of light skin.",Preventive screening interval,Skin Check,Age-based routine screening,2026-04-27 08:58:36,2026-04-27 08:58:36
preventive_screening_germany,age,67,,age,age|67|,5,context,1,"At age 67, German statutory health insurance covers the Palpation as a routine preventive measure.",Preventive screening interval,Palpation,Age-based routine screening,2026-04-27 08:58:36,2026-04-27 08:58:36
preventive_screening_germany,age,67,,age,age|67|,5,context,1,"Beyond a bright smile, regular checks prevent inflammation that can affect your whole body. Plus, keeping your 'Bonusheft' stamped every year saves you significant costs on future dental work.",Preventive screening interval,Dental,Age-based routine screening,2026-04-27 08:58:36,2026-04-27 08:58:36
preventive_screening_germany,age,68,,age,age|68|,5,context,1,"As tissue changes with age, X-rays are the most reliable way to see 'under the surface.' Every two years, this routine scan catches tiny hidden spots long before they can be felt.",Preventive screening interval,Mammography,Age-based routine screening,2026-04-27 08:58:36,2026-04-27 08:58:36
preventive_screening_germany,age,68,,age,age|68|,5,context,1,"From age 35, we add an HPV test to your routine Pap smear. It’s the highest level of protection available, giving you dual-layered certainty about your cervical health.",Preventive screening interval,HPV+Pap,Age-based routine screening,2026-04-27 08:58:36,2026-04-27 08:58:36
preventive_screening_germany,age,68,,age,age|68|,5,context,1,"At age 68, German statutory health insurance covers the Phys. as a routine preventive measure.",Preventive screening interval,Phys.,Age-based routine screening,2026-04-27 08:58:36,2026-04-27 08:58:36
preventive_screening_germany,age,68,,age,age|68|,5,context,1,"Beyond a bright smile, regular checks prevent inflammation that can affect your whole body. Plus, keeping your 'Bonusheft' stamped every year saves you significant costs on future dental work.",Preventive screening interval,Dental,Age-based routine screening,2026-04-27 08:58:36,2026-04-27 08:58:36
preventive_screening_germany,age,69,,age,age|69|,5,context,1,"Our skin 'remembers' every sunlit day. This head-to-toe check-up gives you the confidence that your beauty marks and moles are healthy, especially if you have a family history of light skin.",Preventive screening interval,Skin Check,Age-based routine screening,2026-04-27 08:58:36,2026-04-27 08:58:36
preventive_screening_germany,age,69,,age,age|69|,5,context,1,"At age 69, German statutory health insurance covers the Palpation as a routine preventive measure.",Preventive screening interval,Palpation,Age-based routine screening,2026-04-27 08:58:36,2026-04-27 08:58:36
preventive_screening_germany,age,69,,age,age|69|,5,context,1,"Beyond a bright smile, regular checks prevent inflammation that can affect your whole body. Plus, keeping your 'Bonusheft' stamped every year saves you significant costs on future dental work.",Preventive screening interval,Dental,Age-based routine screening,2026-04-27 08:58:36,2026-04-27 08:58:36
preventive_screening_germany,age,70,,age,age|70|,5,context,1,"As tissue changes with age, X-rays are the most reliable way to see 'under the surface.' Every two years, this routine scan catches tiny hidden spots long before they can be felt.",Preventive screening interval,Mammography,Age-based routine screening,2026-04-27 08:58:36,2026-04-27 08:58:36
preventive_screening_germany,age,70,,age,age|70|,5,context,1,"At age 70, German statutory health insurance covers the Palpation as a routine preventive measure.",Preventive screening interval,Palpation,Age-based routine screening,2026-04-27 08:58:36,2026-04-27 08:58:36
preventive_screening_germany,age,70,,age,age|70|,5,context,1,"Beyond a bright smile, regular checks prevent inflammation that can affect your whole body. Plus, keeping your 'Bonusheft' stamped every year saves you significant costs on future dental work.",Preventive screening interval,Dental,Age-based routine screening,2026-04-27 08:58:36,2026-04-27 08:58:36
